voltage kurtosis,voltage skewness,CC Q,CC charge time,voltage slope,voltage entropy,current kurtosis,current skewness,CV Q,CV charge time,current slope,current entropy
-0.010641559682910034,-0.007193062237876485,-0.01259889871180441,0.007546081575705912,0.0,-0.0030508667505251604,-0.017318330207738472,0.005353187812741751,-0.015593336597627535,-0.029072696347944627,-0.01248399959511076,-0.0005996316292936621
-0.009756064325427272,0.021640488526681236,-0.006894612909696898,-0.007929473666328438,-0.0010188337118522562,-0.025763935907972105,0.0021661322334617897,-0.005565135730560426,-0.010763276281569992,-0.018978134022960825,0.0070328202820459556,-0.0019212780400228817
-0.003781620488019242,0.0014699568254942289,0.0027804251487822122,0.003921317840656461,0.0,0.0014498259120452953,-0.00283085779588829,0.0,0.0,0.0038610809021749036,-0.0042090709233079835,0.0
0.013108430946077027,-0.0030814731124522102,0.015688874199525363,-0.017389009575000065,-0.004975435722268703,0.012054789083460355,0.007769934949804643,0.005887720482880066,0.004340156512183533,0.05689261451108409,0.002647838022068304,-0.006008289945823143
-0.0035078469813228682,0.00783723556909505,0.0001514266846113272,0.004289218828962986,0.012552839043328967,-0.002712793979420663,0.0009015783091073497,0.0027060930687912775,0.006717429837890451,0.005120305961532336,-0.0029405936214236695,0.005868847468891498
-0.02543570745900606,-0.0031106299116724924,0.00027866383679884854,0.002265871759336239,0.0023723992200549078,-0.00564773042121836,-0.012757142818600123,0.010683534443993207,-0.008633786912132261,-0.016276754648294953,-0.004225221590196171,0.011852257872826621
-0.003454373768634406,-0.003358602570470657,-0.004353321835671727,0.001496611804281351,-0.016151507408583912,-0.00550351191003233,-0.003508211711639364,-0.005201750380545011,-0.0030370542817431297,-0.013225893306845019,0.002620855775974588,0.015766349685788775
0.0004567690233575154,0.00449996967888229,0.009556102830286904,0.015076195832823812,0.010732553134199754,-0.005801404484905573,0.004973705401930663,0.0009538863861213043,-0.001959192926274811,-0.0015691699416112124,-0.003966675448866049,-0.0004452832832637337
0.006535017055847198,0.015325067531505351,-0.00219358955639111,-0.014709914084526064,0.0082990888555047,0.0015569965348628402,0.00640189565944502,-0.004714013287947367,0.0026840291030522305,-0.00022223657228486195,0.01813226318665914,-0.017435388856851804
-0.023660895703045998,0.0006658726890359165,-0.002736542551787889,-0.006453114331201816,0.0,-0.014529027605575515,0.0015803737582202268,-0.014937922364129485,-0.005894124033736789,0.0015324019271437922,-0.016523448085802927,0.006555876530858053
-0.0046897322193154645,0.00031791766539880525,0.0,-0.004694835424423011,0.0,0.004781772563180586,-0.004801005053469245,-0.00023274777354268908,-0.003919202277726742,-0.01931619933187777,0.0,0.003967392744881003
-0.010117450388620752,-0.009777963706363526,-0.010204995002356648,0.007800003401226829,0.0014020766060557166,-0.001248398153625506,0.0022717717788578004,0.0049139330192729605,0.0022164624696530276,-0.041438182261296135,-0.006598063022970055,-0.011052294304371124
0.004246919975407596,0.016877188021961562,0.00087712967265079,-0.029587077385214253,-0.019773141567788182,-0.0025413741115071385,0.004920120769041487,0.0013244862994783648,-0.005108305700197164,0.022628073045021433,0.017108175140187674,-0.004357236548896959
-0.013944127830300064,0.0,-0.003573405133845076,-0.00479297494247067,-0.01988224694795593,-0.005877341600433434,-0.0015324013836886408,-0.004245473862124037,-0.008913978887709324,-0.037063197345581396,-0.015714754658574092,0.01411409030791007
0.04479337520077281,-0.002870762385426584,-0.005884618761202312,-0.02889899323480798,-0.008728062049676402,0.0017998269409460945,0.015158963343255892,-0.01665989399170977,0.0021479826159753004,0.0,-0.03800988215015232,-0.014747125914731997
-0.000980724277642882,0.002183240856375073,0.007720818503592622,0.0013717772135577368,0.006226021165278147,-0.010352211065825468,-0.005475607385310772,0.013308254739330038,-0.008570506321940702,0.03209957396716317,0.05728789723673095,-0.00682717345098753
-0.00307456354567401,0.000574556785374942,0.0027940340112925697,0.0076899913037988,-0.0008537049874535633,-0.003373558261551258,0.00013411316112139766,-0.012029371717912194,-0.003911397168770268,-0.008931626289863437,-0.011359842330638024,-0.005223112894257468
0.04177377567438917,-0.022632582425135984,0.01937889649440411,-0.025620373704933794,-0.0018044252823523992,-0.0025502331150111675,0.008075968198125878,-0.00975600758873227,-0.00891976965933401,0.0,-0.009289913434105982,-0.02749793935797971
-0.011292871867391299,0.013379964948775991,0.004346845737437673,0.007177951850724858,0.003373212486878246,-0.01143187989317728,0.005599326662194047,-0.002910126875070928,0.006459954265228429,0.07178192298665138,0.019112580644841115,-0.015823340887987678
-0.019068318647935272,0.0013517978010547146,0.014802073144932223,0.008388849927697612,0.0016767992543622705,0.004577495986790587,0.011313787128608385,0.0005564466968460552,0.005082341843920021,0.012553283452059747,0.004896418701009352,-0.006991312746033975
0.06682105795115233,-0.024177100639560144,-0.007675817812700839,-0.03292830247719067,-0.006717600980060241,-0.015305105669900697,-0.0025708439892302144,0.019013436626425472,-0.01286971727285932,-0.0008576855594773511,-0.004705461350740879,0.0
0.0,0.004907106553787377,-0.006196149662945529,-0.006779657295391279,0.00451421489817251,0.0,0.0,0.005924797723395336,0.0,-0.004003686244165472,-0.005771856161246567,0.004404373795687188
0.02151684726927597,0.0010876799075932402,-0.004353902578468751,-0.005215656267277016,0.0,0.0,0.0025077443579580917,0.0,-0.0092090146119516,0.0,0.0008373907369845973,0.0
0.02853581380729496,-0.024757789663501683,-0.008698150334918614,-0.03896079198697313,0.0,0.008693079475444001,0.02312622655274016,0.0,-0.003534302290885256,0.0,-0.020846676983824752,-0.0013701562730320423
0.0,0.002019415135522933,0.0,0.0008903624946338266,0.0,0.0008364371243013549,0.0,0.0006482219122446122,0.001283029025804852,0.0,0.0010656232774532315,0.0
-0.021876721559986777,0.018281359862588453,0.01535970428540665,0.0009495328253211177,0.013451837599249337,0.0015640933233037207,0.013481911142320094,-0.011210394505850353,0.005211773382249124,0.0443358606497655,-0.004710623168834048,0.01298504158759555
0.01921487982923585,-0.0037810553607529503,-0.01949534219540282,-0.012756667368740808,0.0034412575827888156,-0.006712652884802484,-0.011040722013123434,0.0,-0.0011883092524717746,-0.03322049005907289,0.009023989899637435,0.0074513143879131535
-0.007274512927656428,0.004534720468105676,0.019374948961422063,0.01731164181129952,-0.0038218883285554388,0.003195866366834134,0.0064849928335661555,-0.000866231085977827,-0.003959515418857639,0.018244323223190643,-0.008751873454548125,-0.008440414786638682
0.0073023688998652995,-0.004132493768662693,-0.0010788892967764968,0.009035536256495762,-0.00036156903793493667,0.0,-0.002326451051163187,-0.0012259795531663511,-0.004507140152831595,0.0047297879078201585,-0.004929999601955978,-0.011669790808070865
-0.004537240360508186,0.009072917943386405,0.023703724214480776,0.015543315326898113,0.0,0.0009075070773828042,0.0,0.0,0.0,0.009164424011876162,0.016175350341309108,0.006875564282472539
-0.008040257692131167,0.015718420472363336,-0.009865028903785204,0.017668874997868313,0.004131872413358149,0.019178276515373127,-0.0003469608461749765,0.016406088020617975,0.0223619779942479,0.047370663268945824,-0.0011583630067413151,-0.04601879983988918
-0.013750456410269363,0.008940200644181247,0.0019636680524067218,0.004027886704286649,0.0024034200868312114,0.0,0.0024941668239424693,0.0058970907985266266,0.0,-0.007078470070529458,-0.000844755889727203,-0.004000460717896581
-0.018483691229924083,-0.005713099615687225,0.0029212995542781885,0.004132198548172401,0.00110471212337107,-0.0029718311733182208,-0.00010920294068011288,0.004210639301238487,-0.0007806008322338442,-0.006335017206698171,-0.00638288477922343,0.004086167392152288
-0.008988162560449153,0.006850666496826399,0.0013786062106088063,0.008676230729243296,0.008995338634008561,0.006297258798119894,0.0017264099421485386,-0.0008202678811007668,-0.004686465806559699,0.006287168902278818,0.00329488713176577,0.003942721100531206
-0.03452973432696086,-0.03490241727943442,-0.0038923646167274826,0.012783679694449464,0.00195880613583459,-0.027161000406527438,-0.004578606352209643,-0.002018097403434409,0.012252921557053306,-0.0230653601592239,-0.04471145492554365,0.0032617707775305232
0.05686885961235133,-0.007296099595651955,-0.04241892847267708,0.0,-0.006388279738018717,-0.019512780175456667,0.0,0.0,-0.0033436665775118286,-0.03454211245947317,-0.003832588736722325,0.015631592654316753
0.03803873874156086,0.03481205690455993,0.010793994114852844,0.015795191917063495,-0.013336585616170321,-0.0016484975300560297,0.0018710096785793443,-0.012192075836437144,0.020806474699714233,-0.0015033669712288592,0.013059313221539623,-0.014876171303839274
0.04924395682568253,-0.01452672836169062,-0.04527362775005935,-0.03488270360714322,-0.0012989020720874768,0.002756551358344798,-0.028530097169217224,-0.006174565025419329,0.0,0.007733134549797525,0.007418266341246271,-0.00010577093309747931
-0.004254802487393477,-0.0029634448718412957,0.0033146566587407525,-0.003701726315603317,0.0013299301525437192,-0.00014397347747367902,-0.013974863645931918,0.0011794582219496774,-0.004453739956479681,-0.032362917387949504,-0.0007003480892070942,0.0018238078823790786
-0.018557108478331603,0.006488273603246692,0.012694688386990713,0.010344076061953818,0.011828811199188582,0.007691044212847528,-0.005479421918071443,0.015728622273488074,-0.011410380740297347,0.005120690943814837,-0.007433908489250446,0.005622715077868515
-0.015392329926036669,0.007367908837099542,0.006536801619789152,0.003125468170123092,0.0023540832640122447,0.005331984233872172,0.0,0.006464379701875176,0.0,0.008576949758790484,0.0,0.0
-0.012821412232102036,-0.009997988100273128,-0.002314201697510713,0.006400779171946844,0.003088667649376535,0.0026511459576273335,0.005731340900771656,-0.010576884503121019,-0.025891792018300764,-0.004557384553674343,-0.017950145409975606,0.010835366814213368
-0.01619656993028962,-0.017707176503402252,-0.003984084511753369,-0.01818947198635095,-0.0021513543787998347,-0.005827815020897826,-0.004817662452011531,0.0,-0.010329104805215693,-0.058605643968375275,-0.001801983680002496,-0.007155274456319396
-0.006837572285938141,-1.0969770168113452e-05,-0.004176544375901156,0.0,-0.001828083252957883,-0.004323735685264221,-0.006214868548379458,0.002794459847454468,0.0,-0.023365217230121357,-0.010815689661570803,-0.0018703271242584858
-0.015853161425239848,0.010652470822627226,0.0010973604056933924,-0.001512099967012728,-0.012017785995952691,-2.118598924011975e-05,-0.011423492055520677,-0.005827340978929395,-0.0033804230165641624,-0.0031056017695630677,-0.0010360135097285449,0.007715924329264702
0.0035433329676957475,0.00712598559508285,0.037615220940133774,-0.015139911264375324,-0.005284187201101316,-0.006872106252368668,0.0008497783663654635,-0.01407610099042793,0.008445853726033618,0.021862291219753832,0.030557890893591993,0.0180333150046332
-0.006750293600538272,0.004715106531254006,0.0023981185796020997,0.023581418400528072,-0.001385292686004158,-0.009839924212631664,0.008224769804199623,0.010757419777111645,-0.008694285491205666,0.014235631602883237,-0.005438645843345531,0.0078489250799416
0.05587305637288816,-0.059309740549093964,-0.002780084117628807,-0.034037297624601136,-0.017737163539514073,0.008513363368142577,0.0,-0.01981481895205067,0.012673945941462176,-0.007634635918047458,0.0,0.015245019837399844
-0.00953753412839594,0.007925511171113342,0.011358616496682352,0.02964077143554172,0.008260923622168124,-0.002076870429605032,-0.0031567895878936865,-0.005039795153380138,0.000928649123469376,0.014840537932922624,0.019310214220672747,0.019752843792698708
0.03367070310651222,0.001471541056778925,-0.012607826671303236,-0.029545746031191682,0.0044831266181983125,-0.007960930916875447,0.009855250138074811,0.005723042218891132,-0.006312954708394834,-0.005035520014022511,-0.0036972109081609052,-0.007552716423765117
-0.02202096006177717,-0.013066071544832655,-0.004091559115360455,-0.0076738751984198285,-0.003083752195171166,-0.006939251144242052,-0.005677309630154871,-0.020626747448158577,0.0,-0.019444054661538836,-0.006576914543689226,-0.002813853401304264
-0.005207492864183463,-0.014050851220984664,-0.010479383937865403,-0.029075018496316607,-0.03344723741135152,-0.025235812780432295,-0.002280411602912763,-0.007216708884042339,-0.026260812583046852,0.0,0.0,0.0
0.0,-0.01963295348574948,-0.020578515140034264,-0.01194310514827879,-0.009278950570483554,-0.0045963047540435835,0.0,-0.03761886383782905,0.0015692741361208904,-0.032215474829235695,0.0,-0.006794859323345133
0.02438278599890051,-0.002171061761061394,-0.011786680063847171,-0.010543094862045304,-0.004412842411144309,-0.005687411746593441,0.0,0.0077916306296824675,-0.004832346213154999,-0.01023587310257003,-0.004021243669242826,-0.03702874756071891
0.0017766967433419604,-0.012276004911931279,0.00522623510874079,0.016211278683138233,-0.0057089813083451525,-0.008155580093480717,0.007292237663393192,0.01549612474275632,0.007999965240869865,0.010841481224117072,0.008701345851355891,0.031208546241338567
0.009696930427779247,-0.0012483521320492423,0.010847259749063065,0.009391794751842762,-0.026529509044713698,0.0009922358984580115,0.0019098541909127987,0.00192278196494352,-0.002600061224670073,0.025410699979059048,0.025684345101984623,0.025843144930185902
-0.00986250390801434,0.0047311963112988695,0.010144198604815592,0.002196916217764537,0.0012046311627225033,-0.0013202530868106695,-0.005822401256749668,0.0023790023813471117,-0.005476649559676868,-0.006454279282184852,-0.0018849780309460804,0.004852415639286484
0.002744608237945142,-0.0042635538661709195,0.02439302916178107,0.013890773151802165,-0.01657728573676875,0.02070954292487293,-0.0010030806035819066,0.011401273138379556,0.010915413100951753,0.033587542526789534,0.007200200874856899,-0.012188815311622305
0.014831077397660201,-0.004866370281832074,0.0,-0.007433817472816664,-0.0007075250536655167,-0.005325294580531609,-0.0027306739306327005,-0.006409262669763262,0.011249628011609074,-0.008129042782228228,0.0,0.0
0.0019325872287930203,0.009131561676358877,0.0,0.019202216348317837,0.0030582875912361102,0.0,0.0006969939184385204,0.013313346814977372,0.009859030209560029,0.009447233642901795,0.0037015608289884205,0.0
0.006207308980030451,0.009833643027852288,0.05105684677431469,-0.01775034907844172,-0.021607548657363557,-0.010760513076553778,0.0020807791805287743,0.014608978010436863,0.010616614279439851,0.013684855667998,0.02149300654172499,-0.0012978278740755963
0.00506575149939338,-0.004391779933435754,0.0016902613912631417,-0.004677181332807175,-0.0006070665680179277,0.017181422586059005,0.008960932545041322,0.016563933609973196,0.0018455752188190051,0.019571524513978047,0.03084269979855517,-0.00699978758096055
0.004655817030420466,0.014022856580112956,0.003289561416160231,-0.005991102747642931,0.031585013627047014,-0.026542055715350395,0.025600764162436434,0.02957892230972063,-0.021273925028852447,0.042109069836981754,0.013409137488222698,-0.017792985464330342
0.014238110287039092,-0.003134072915406764,0.020420298770282213,-0.007899273605915493,0.026076913834153934,0.0041283277772580255,0.008123780056684423,-0.01266061794966678,0.008701715420911584,0.008807327582147398,0.019915181200563337,0.0035215406906837147
0.0066536135520646016,0.008628344962539032,0.004042486069198215,0.029752116487924026,0.017437882054211668,-0.01649178513172655,-0.011738878208880713,-0.0018356933571517322,0.010849175344965878,0.00908856075010969,-0.004738770931796671,0.001140673896266502
0.014783097423886213,-0.010876795519044857,0.003214552173417641,-0.020712734189204437,-0.0018060467400704463,-0.0003917663379386131,-0.0032855211593870166,0.003195026275187886,0.017903073495682247,0.0178002678054513,0.0002722987201820819,0.0008444414359916353
-0.02449361180797015,0.0010382678422583764,-0.008645456796190606,0.007178455182312367,0.002479162237170746,0.0033649549846216376,0.006221153153442817,0.002921071567819865,-0.008790010950282172,-0.03149911872491389,-0.01281550416668876,0.00971479998485609
-0.0014350515155201035,0.010115581339210122,0.003199248651669779,0.013820421174569735,0.0038940520354643782,-0.004892150940926724,-0.005997334009648157,0.006350490835604537,0.0,0.002310905440543859,-0.007786003445245827,-0.0024835711931582745
-0.011030476647810284,0.013985661584883013,0.01118852218672047,0.018688114500991306,0.008114360360363929,0.012741565370434258,0.012659970692186237,-0.010591056103901169,-0.0038028140826484383,0.025908059562838735,0.018674104614241918,-0.004102475628589096
-0.021233060295759772,-0.007413915835960777,0.006744982058707448,-0.0057386554961209426,-0.0017448059110876546,0.006414838230872268,-0.0011466342489876262,-0.018572434049846615,-0.00983146260657237,-0.07389552093664072,-0.04342402918245686,0.005425362975648163
-0.020797330666651605,0.0042170668310009185,-0.0039331634165075844,0.008371472584792,0.0007231873107301402,-0.0043652098740370356,-0.0068976169005424285,0.007951161919698583,0.0004576662044135572,-0.010068352717330455,-0.00965277393644706,0.010195160558342816
0.011141422112221558,0.006003771314566073,-0.0036099857421597516,-0.010740410289355922,0.004059628269156557,0.0,0.004308815089187466,0.0,0.0,0.008154165585988447,0.0028617092196708727,0.005108650141715658
-0.011790587444667412,0.002171036815026386,0.0019083890286729535,0.0,-0.0002154400339211375,-0.0020187685461091104,0.0025299403038681182,-0.0007604590494534268,-0.002378964119190915,-0.012271736459845339,-0.004817745283083018,0.0035326559493521637
0.028882897626267796,-0.0031351368271574816,0.0034872537828613583,-0.010964400852652698,-0.009674086664901745,-5.842115197855017e-05,0.0034482252293942793,0.001313013045849234,0.0,0.005047608603349753,0.00271303386037614,-0.013518816323173454
0.005624783378249838,-0.004226474696264808,-0.007964964168537031,0.0028496568559657934,0.0,0.0,-0.005232717972178741,-0.009200260440453334,0.0,-0.0021492399486572555,0.0010058224157382754,0.0
-0.013531300748322775,-0.019240058236012426,-0.007890864985185464,-0.0069703078026128,-0.013726908316039612,-0.0008244542628407717,0.000667603546099419,0.0071302676612868265,0.004513473078358519,-0.014688868617114652,-0.0050521529223300716,0.0
-0.025523371556608287,0.0,-0.0024276036930712098,0.003971157426651936,-0.00042969107824726436,-0.003712194043352187,-0.0034147999439157867,-0.011387178416207622,-0.007266462803068541,-0.01945898177755989,-0.009065545066933278,0.013491135413971497
0.0016088420833728773,-0.0034891037210660002,-0.004638196317719753,-0.004018633370829712,-0.000956785743773656,-0.004717448282905697,0.029078028857177307,0.000302613127575067,-0.0003580763727014183,0.03266621605292822,0.038413849427647494,0.0024459868116686934
0.07240539197553807,-0.009026495455052139,0.0,-0.036403833380678305,-0.001986942543714137,0.0013110511624882795,0.0,-0.027210716051058136,0.0,-0.03207474353535154,-0.038377261246330154,0.0
0.0277484501779451,0.0004761609109063825,-0.01342369419350254,-0.006803066107884746,0.022823663561378577,0.0067137707160855355,0.005014426157389697,0.0097123374008988,-0.03526260496866,0.03709422902460654,0.04164009201045887,-0.012692430180393543
0.0,0.0026685363281799966,0.003101036459881954,0.005147082613445397,0.0,-0.005702926965029365,0.010943541763451707,0.00038232108608914143,0.0,0.011464660859086498,0.008654477396344834,0.002447569301948529
0.04347669375109844,-0.01978870424055722,-0.008434314393220604,-0.004370066767336166,-0.010529569281341246,0.0,-0.008175829679526514,0.009712140921901289,0.0,-0.03305034230210957,-0.013788045117314835,0.0
0.0028871271829028398,0.007337442982251614,0.015596186671435973,0.013480255452398547,0.00020801237607122054,0.010311710513819532,0.0028092323704031904,-0.008851167910741711,0.007113534383688926,0.012837627818845154,0.0016675812471815613,-0.00027480524409268306
0.0028110512623194454,0.011111506026877258,-0.036071472004342596,-0.006775849291168396,-0.0003913859191543619,0.005355579508178235,0.02008161866773094,0.00027972006935605455,0.019115710609303106,0.04152634752478593,0.021613530226710892,0.01563614925858418
-0.0011886451384715757,-0.005554216149470719,0.006306624567444793,-0.011944841238819606,0.0008121452767245026,-0.018405417504490658,0.006640205141251937,-0.01024778079038887,-0.006845655568249918,-0.014945642222450234,-0.02190313256262641,0.011223809449347607
0.015722934195423154,0.00147064086215964,-0.0029468399779114898,0.006364118476096692,0.011366804117090465,0.006495391905579256,-0.0031655689110771917,0.005879378831658079,-0.006112220444707447,0.002391080288156053,-0.005195167368174129,-0.004433745538534223
0.010985948308540161,0.0034506096218656266,0.0050138187569152655,0.00872552445705861,0.003789888089783753,-0.0015509658914719994,0.011434943979534963,-0.018516866324281945,0.02254446768124524,0.03792188666079891,0.015550590629929209,-0.006488109792140553
0.0,0.004122384089771274,0.006507128094176935,-0.0065280082339515,0.007211718491884892,0.0012597914791679932,0.0,-0.0005607182105296203,-0.004700051808204543,0.0020289109505666003,0.0,0.0
0.012580575532937503,0.0008110153069905201,-0.005044228050716043,-0.004127224328576303,0.0031725498680500778,0.007042627211312838,0.0,-0.0015754039124279695,0.0,0.006813436766600602,0.0,-0.0006234661417810384
-0.0005163154819443526,-0.003831259969953971,0.0,-0.008645959604370751,-0.01202454014110674,-0.007069188188762502,-0.01940731758468263,0.0,0.0,-0.0017902517408707724,-0.00901084225674272,-0.0035122096061229037
-0.045716196635818544,-0.0012885335059530482,0.0,0.01159207090759142,0.0007894088881219003,0.0024149870145922362,-0.014653136542889182,-0.005388251280696628,-0.02100904825810947,-0.048522815285781846,0.007558244660252675,0.009380869844855203
-0.019887787848538247,-0.004114314029503485,0.012949630369367771,-0.0045655414707001405,0.022109110385698846,0.01398996562138465,0.001605490067235403,-0.012130363298780407,0.016918702809588935,0.024547774563208922,0.022725279144591336,0.0005584385830575885
-0.008280651281889198,0.010343146725291344,-0.00032246635730838274,0.010805778963237042,0.0,0.005503785692126082,-0.0032845882960276774,0.006197081502474747,0.0,0.013317754912083313,-0.004001469664960496,0.0025156209197774505
0.018760351179960052,0.004987950627661767,0.034719103337549774,0.007024950634802049,0.0018208996130450667,-0.011657919617964349,-4.480835424867602e-05,-0.013957661792982967,-0.0014274678719098186,0.025517552415542922,0.00645213448018761,0.004834902881622907
-0.0019186961873820026,0.038733300272426836,-0.004040047894921186,0.003742795074730827,0.02283806113331137,-0.000812492209469274,-0.00021651007829355529,-0.00911422835367689,-0.0022971820142663768,0.003972482888158515,-0.00361976585851396,-0.0044258408619662305
0.016007288190623598,0.022119208878396496,0.002830349216716356,0.00847333299472776,-0.025324734853450975,0.0008523379086529258,0.0031862935760915644,0.010708788551892189,0.02383545550746119,0.01801158319104373,0.006415242636857959,0.008078423423452358
-0.0032439054241774454,-0.006054977881383571,-0.004547450653339125,0.009666181803899629,0.0,-0.004308259923617661,-0.0026265032992789446,-0.0006572867371985648,0.0,-0.0024430376297576635,-0.0023157538853750994,0.003954960563891142
-0.03855349916582648,-0.007635788685958625,0.0,0.021159947238887828,0.008051180357567172,-0.007764367437635529,-0.0511056400260286,-0.00817825167419436,-0.011829533450027975,-0.04033562784861252,-0.002504106639052574,-0.0005506131683837142
0.028267374573513818,-0.013888050335594945,-0.001243260529289401,-0.0024825448587098256,-0.013333208070213138,0.01006466161744906,-0.0010711290991536587,-0.0034407900529789203,0.010496172275988633,0.0,-0.0010182461555546113,-0.006289801059339357
0.010946454562948625,-0.00932724494204328,0.021358693393563163,0.01144501347252005,0.012473014983818753,-0.008265192575862617,-0.0057294305707551495,0.0011043595848785122,-0.003307566850705076,-0.0037205631211862365,0.010516476046269393,-0.000663422961098711
-0.008258874632536788,0.00567664440127263,-0.013007240484235072,-0.008747069964221104,-0.0006804827271597586,-0.008403918592319171,-0.002407852259297029,-0.006737903278815395,-0.000745667974619637,-0.017551423262434678,-0.004171897357295415,-0.002455056115269375
-0.015309212657732196,0.004824839082753389,-0.0026972355128078948,0.009657542973055612,-0.005564138128117016,0.005974508718580791,-0.004739142062561641,0.0,-0.006040697609494721,-0.010134277458653395,-0.0053515207552842815,-0.004940125134613835
0.0004383472371431024,0.009171282035122007,0.006265771802862189,0.012977083372445323,0.01161593591739678,-0.0010458239809387853,-0.002231840319447153,-0.0033265982522826753,-0.02392178383201037,0.0035534381696900198,0.011717264725869368,0.01625866706483638
-0.0010189495731719085,0.002349429687490815,0.0016700020154791443,0.004420547587026428,-0.00775243518822441,-0.0013656866478533296,-0.0111430412113634,0.012528036997066847,-0.002269753998963498,0.0076196619443432674,-0.0035387867322658095,0.002916561695680716
-0.0014023657319888125,0.0050248442572439845,0.0025690904866716804,-0.015080998172958169,0.01937542868805213,-0.007772249228852575,0.011805179313154418,0.025568782110085907,-0.011787586060488351,0.02714068517279999,0.027014579362871455,0.00830466633819039
-0.011737655971248215,0.012316770613497037,-0.0010798005863987457,0.006622820432666179,0.001944904571673224,0.00013190286162283359,0.001278270781599338,0.0030644507814501488,0.0038069425269196973,0.00390557567066113,0.0,0.0
-0.005759299211640226,-0.009097160505208758,0.021973821027990295,0.03861897896345937,-0.010128318616957323,0.00805542703476451,0.0036831598139333388,0.011392732825769114,0.013761970326831489,-0.004914516363083352,0.01312835337029975,-0.0055247889551320595
0.0,0.007346557967011062,0.0010000199315994861,0.0006758823807961985,0.0010081709972028388,0.0,0.0008163475379829753,-0.0058424864400667175,0.0015351493364613594,0.0,3.57880855644648e-05,0.0
-0.007009484806091984,-0.015833650523375212,0.025810686422170964,0.018778802458292592,-0.011317219237343829,-0.01775467530580182,0.0019020843618495478,-0.004819713660760229,0.03568147507297038,-0.0007938305886676104,0.016172637137702877,0.01610750432973662
-0.0007141471117654901,-0.008106350659860078,0.02440275347013569,0.010561742160563282,0.008672073267836795,0.0035524908838607144,0.03618078495447949,-0.00585448066059988,0.018877914105258603,0.028594755193286775,-0.010327489695347806,-0.013177975355960922
0.009568368184952514,-0.023926908424541444,0.0,-0.006553750779934634,0.0,-0.015963804758526174,0.0,0.0,-0.01591518757890691,0.0030169591154831517,0.001257265352826154,0.0018662462224050293
-0.030273047894503344,0.0,0.0,-0.011907469027268677,0.0,-0.00685750720566684,-0.0012086735088028319,-0.0025124275110897532,-0.005804431800469652,-0.030579723312091567,-0.0029457723781463213,0.0
-0.011812178432538697,-0.005747278251751147,0.003826835739683413,0.0017097823194892761,0.0007046501216404163,0.0008745762021476907,0.0,0.006159447558901168,-0.008208101654046283,-0.006007930742457095,-0.00030201899685253875,0.0052464540726928
-0.0059857318724554,-0.00438143861139806,0.004703313644603556,-0.003827157827938288,0.0,0.005932854786524455,-0.008440405983665095,0.0014211906244685501,-0.0012362020893289805,-0.008569134664474483,-0.0077018546250814226,-0.004469695404053102
-0.01710911445770523,0.0021682522920914342,-0.010054238146432479,0.0027173360403910996,0.0,-0.0027945286054029124,-0.00453820343272845,0.006958653639324929,-0.007677049330042706,-0.005661484838574392,-0.012441611361094071,0.0
0.018434880428982028,-0.012449449108946289,0.0,-0.02154642950251462,-0.002184521908671228,-0.005773989721808644,0.0006205212060736992,0.004680231087437482,0.009164666984977905,-0.0011674481142863668,-0.001870101235614259,-0.0040921071097923005
-0.009275454091054784,0.0,0.0,0.0056351221902404105,-0.005120685387577418,0.0,0.0,0.0,0.0,0.0,0.0,0.0
0.04742146349951697,-0.005261425821942439,-0.016627378298463707,-0.030260557581463485,0.001385059566355257,0.001708908856658254,-0.007822659490581764,-0.0057445589926538145,0.005862607555595,0.00932123450788886,-0.007315575799754136,0.0014247063012948387
-0.012335123868575883,0.0,-0.004963529302637436,-0.017535056901269965,0.0,-0.011348646772112581,-0.0033257515193294376,-0.0007618202112423007,-0.0034560108337619404,-0.018112289246870708,0.0003398389739990249,0.0
0.03074750610179579,-0.011741165000676979,-0.008154148615992368,-0.027154970244312317,0.0061683526025654856,-0.008361546402671444,0.006067856478271961,0.009023598699632882,-0.008989679600223994,0.0,0.0,-0.0029295652636248184
0.021973573072992445,-0.010843585009266426,-0.004278497061394646,-0.017074418086199993,-0.009434540073468915,0.013717380526639922,-0.014524008568696315,0.002833206837855068,0.004906523379935269,0.0,-0.013125417923525224,0.00727549477470141
0.06100031134615679,-0.026201352864861523,-0.028835288988915218,-0.052934154956535716,-0.014558301007377511,-0.021551765093977975,0.034391892947226034,0.004022122855264726,-0.0006968040850209578,-0.012513842986415183,0.004646175236951069,-0.0025136360515809145
-0.01863585336315594,0.0,-0.017677165967354382,0.012784639557450274,0.0,0.0,-0.005562459666721371,0.0021844897120027796,-0.026162533644372262,-0.022822987972689255,-0.0020622322410694524,0.010436936613128375
-0.025668723068474106,0.017125903944885373,0.040148783960818696,0.0066528164236555705,-0.002817676180716759,-0.02143039538523593,0.015812757949637515,0.022509366689369162,0.007160154568602195,0.00979048725824704,0.026159274971600657,-0.003508224808738185
-0.008337987381662526,0.0039009748627973455,-0.0012765721610296945,0.002643476839202031,-0.004837259273395191,0.0013663187516925078,-0.0024823723108328795,0.009191504374545844,-0.002317074182928294,-0.0005749541935784131,-0.0005452392340228434,-0.0024776522594794057
-0.02345142158226447,0.018563707800708946,0.00238036455660092,0.025367457298067192,0.04357833840496674,0.007515656723476184,-0.008128266932243836,-0.0029541845143739357,0.02008319884100179,0.012580218772781591,0.00840782406532283,-0.013646859058838346
-0.029232822165572436,-0.00291281053577635,-0.000599829011807255,0.010878476765692409,-0.0009735551169512101,-0.00797584083163695,-0.010588748774354673,-0.010129978639243475,-0.0008732031079244183,-0.029071589066450382,-0.003143931772645567,-0.0038904814815019784
0.01198655604335751,-0.0049496269133038435,-0.013094500368994259,-0.07609623674177352,0.0,-0.02653540424077461,-0.04051238062717271,-0.01355930618229955,-0.006284222344236402,-0.009190593051416514,-0.009843781727788934,-0.001371349604338247
-0.0019540851109307983,-0.005826284453452249,-0.0005829152108222905,-0.01514123119737991,0.018369791617567632,0.010539214788375051,0.014659869443085139,0.00124141078374599,0.005006524860848598,0.004683062906274525,0.0006479778255334932,0.0023690031199635597
0.029462489692144076,-0.009813815241337521,-0.0009813372311448072,0.0169069434486502,0.006486037278307287,0.009765680547767441,-0.0017616494040061425,0.0021911347392090407,-0.021018035042870076,-0.009733063418974789,0.005888285455632376,-0.0013985668161180648
-0.012170751717328607,0.011571393913801431,-0.007261159494828151,0.003461800129519625,0.0005984805995083274,-0.004661950566192591,0.0038340321501699284,-0.0015588242939564613,-0.006173699705114202,-0.005697271560537273,-0.01368794075300378,0.004046775285880252
0.0057460074163597575,-0.005496473262064404,0.012505833043308807,0.012352055909956841,-0.014946416814577443,-0.006353935508220179,0.008485343575378572,0.0033247757478137713,0.011878048809950081,0.00961768295668555,0.004231077538334789,0.004222633294366678
0.005911458971650949,-0.008634603628441722,0.017040765013321735,-0.0010801255263155434,0.012365640168332017,-0.006794737753021459,-0.0010607046859493921,0.005481260086893355,-0.0028659494264402716,0.07151309084162587,0.0041411570274049805,-0.004558191016782574
0.0005277099147144015,0.007084115836696394,-0.00284692751269946,0.012384433989870105,0.007749322609518943,0.0,0.0022625821243095596,-0.002669120133661122,0.004541938304290939,0.0,0.0,0.0
-0.012190885037836566,-0.013309646795831931,-0.001550534602529265,0.006988455873335036,-0.005160264125757143,-0.011719892925746732,-0.005314172684639978,-5.962961121248195e-05,0.0,-0.039583828089229715,0.0012015264111732565,0.023378002976318885
-0.009557328333054468,-0.007531043549377749,0.0067419737464241075,0.009856438656300428,-0.0018279601337112636,-0.01075649120017907,-0.0007334311749911189,-0.003903261674630943,-0.006111803242710389,-0.0045418154443593465,-0.007628687020039257,0.0027755340678702668
0.0,0.0039368640219144095,0.0024028486725698336,0.0036077089661330775,0.0,-0.004309479334052411,0.0,0.0007608532820341825,0.0029333445254980713,0.0036115458076176627,0.00037261292654112516,0.0011784598364212764
0.0072835810517257365,0.0014693639580998967,0.0010455088740828067,0.0049542989713408925,0.0016806136944303846,0.0,0.0,0.004866515198173196,0.0012074681611860363,0.0011109005398386624,0.0,0.0
-0.0045231604940499754,0.009503196551269261,0.0016000503153574064,0.0037380198785315136,0.0,0.0,0.0,-0.0010129176282344093,0.0,0.0,0.0009394683366747979,0.0
-0.003974980286802894,-0.0015434195328749678,0.025387972418644687,0.019284556810435033,-0.015624777075709967,0.013626677886034185,0.002855967813993145,-0.023490887066800584,-0.0044761091224719725,0.011976420550842639,0.06019354838182916,0.007165480702808221
0.0,-0.005210221127270685,0.006437765421233889,0.0,0.0,-0.0038159613567672313,0.0,0.0,0.0,-0.003173087646450412,-0.002648548633947235,0.0
-0.022325368482819085,0.0014629904729121063,-0.006555521506973291,0.0025389821836728555,-0.005104602231775193,0.00696344902111599,-0.006640364360466736,0.0,0.0,-0.023129676250762125,-0.0020286401004814916,0.004268324573119642
0.03591609153125757,-0.006244121944367968,-0.010722286404306428,-0.018152492505723334,-0.01516537991209665,-0.022375125180848887,0.0002514211824923213,0.0,0.0026622413980500574,-0.0036382458658554603,-0.014111056974604344,-0.0038244623158515782
-0.014646316578600662,0.0054443980806706494,0.001682259690203542,0.009706604851139103,0.0015425315995534238,-0.002142267389819917,0.0,0.00881286495186336,0.0006808547315212693,0.005233011267716525,0.002224312162079,0.0
0.0062350843241089126,0.012764479635536917,0.01024488793081967,0.006296756148114407,-0.019187315434175706,-0.013184205351320038,0.025043159911711244,0.008697505432726094,0.027370105952168863,0.00809207762777327,0.00022470937001093857,-0.017397851560439836
-0.012343350565669845,-0.013283901969499043,-0.004451151399951172,0.019399008502038125,0.008064500108174192,-0.0009717415470415422,-0.015588885276831117,-0.0075205244714222075,-0.007365241148429743,0.002782964372628498,-0.019210267295169822,0.01289374019012809
-0.01060803156085148,0.008388645707343746,-0.0002602761856952656,0.0009961279863016758,0.006610211435740446,0.0005979319992136467,-0.0018132675975004,0.0037541574019012685,-0.0009413635721490621,0.0019966179914730126,0.002471619689226583,0.0
-0.009787834749638865,0.02224452852370501,-0.012277148215280006,0.05133186611683748,0.017680353562773008,-0.02644326577783379,0.003224283449176428,0.023317243680212985,0.024347233297139555,0.008626411358933982,0.002874675334403066,-0.015225093233970768
0.0015057123601139994,0.0,0.00197590723070311,-0.0006770400784894522,0.0014642021903124702,0.005458365928327016,0.0018296768519622487,0.005294121547094142,0.003650108945820634,-0.011469285793904114,0.001940913810056355,0.0
-0.0044293588887042434,0.006858273307150474,-0.009042349582889539,-0.019737091711905835,-0.008990887685686734,-0.005962856262588513,-0.010946680898947162,-0.012227825536399084,-0.01249320406020836,-0.0068953745935935555,0.007725575284983087,0.016217664255106446
-0.006009475623039663,0.007412151972409339,0.016534140381279556,-0.007453140193385146,-0.023969315458505846,-0.013449153239535197,0.010041442899306535,-0.03990327677340671,-0.025538941684225037,0.11612316248303513,0.07232172339641597,-0.01913532879348477
0.064621774829193,-0.014732511815660885,-0.011192400432566398,0.0007669607864658016,-0.02448786802943546,-0.022960546735339496,-0.00882902053679529,-0.0014061847907463898,0.005318070843246727,-0.0023399200675910206,-0.025331688819768217,-0.00303939190014006
0.0008626012594230185,0.02352322343737504,-0.01643084063979956,-0.0013840589231130425,0.023930095574514348,-0.03587721084547272,0.02810994233562227,-0.0026956101063993665,0.013796660743601542,0.018906082989783756,0.03143425459215173,-0.007505914963977476
-0.008116947488562745,0.017209399688895764,0.004183407631273138,0.01421991091856657,-0.005536283146670761,0.004376337597253896,0.006098825815569933,0.019199467328453568,0.018885943103137792,0.01517090413035267,0.0165136055186425,-0.011053527960618622
0.012538370148783345,-0.022762751869992683,0.004103229550685412,0.03901366394433867,-0.0020859075036793345,-0.013595635794549471,0.000630011170491223,-0.010561610093470605,0.008036402134497725,0.021752046398057806,0.0655683276717353,-0.014627777384601111
0.1005908700519399,-0.022861212769090773,-0.01721804948410059,-0.03373621519710666,0.0011076124848873744,-0.01831685767997066,0.0001838950454685582,0.0,-0.009930232466997526,-0.019726403299968887,-0.006123804317667393,-0.023038118503230006
-0.003600770231036391,0.0013246577324965553,0.02399096327917134,0.022980350261424632,0.0,-0.012135041095674828,0.0006588788579398874,0.0,-0.0012064443072381515,0.0,0.01006987850218671,0.0
-0.00582842022195245,-0.007979941865437604,-0.01637429884115627,0.0,-0.0033000858518270654,0.004760682021626832,-0.006493594320543697,-0.0003128093895191422,-0.0016547847703981425,-0.014525386868864378,-0.008769593481424049,-0.00790412460452245
-0.004621781611690262,-0.004498203848532338,-0.0016517464868031474,0.006007665003119442,0.002983450927884024,-0.004800408419804831,0.0,-0.0036493391376106886,-0.001269572029036001,0.0,0.0,0.007832160821509943
-0.010865385404721047,0.007601734861154696,-0.0058796204126664664,-0.015121853393112809,0.032589631844603235,-0.018376941210246318,0.00639005423373418,0.022858024891385123,0.003995036356449152,0.05413412832890894,0.017861007113688616,-0.01930872755042518
-0.00431310505357303,0.004676620561854137,0.0054439669239895695,0.006355171003421092,0.001638807468407323,0.0,0.0029640290111340576,0.0,0.00048811944341034297,0.0,0.0,0.0
0.026132735978984124,0.00026249805340696565,0.008582930289910331,0.0025057313105700464,-0.005447533027060792,0.017270064507022884,-0.017796626214101233,0.00817502603461853,0.036423272905295484,0.005524248789264182,0.005315077209382168,0.004424949213266949
0.0,-0.007881593645971883,0.0,0.0033892699298512883,0.003348408514859238,0.0,0.0036827264476834817,0.0,0.0,0.0044029787330357945,0.002261181618730337,0.00021744998166444338
0.017754130529388748,-0.019059490242693634,0.0,0.017238344004972633,-0.014253872075842932,-0.023164761776388907,0.0016580889391783692,-0.016806596883315178,0.0,-0.00767778334688343,-0.01564533798098878,0.011617474182599197
0.052893548911254425,-0.03206101202835352,0.002217019451701082,-0.004771059471910464,-0.011414241341817745,-0.008519495603343157,-0.012618705171408116,0.005820981695168921,0.009319696596658959,-0.006509939909431078,-0.02053997165243632,0.004907486199452502
0.0014896748770460218,0.005047851769435901,0.02223648105913215,0.006594899922672322,-0.0012131684196305956,-0.0024488667154441966,0.005085657551170641,-0.012903161177187898,-0.009802672278912603,0.062399794264778895,0.006780121011937518,-0.007754973184525185
-0.017340634414434206,0.006952115552752116,0.0,0.004546480037652405,0.0014854628899624316,-0.0025090828585262646,-0.002612257988818961,0.0,0.0,-0.0036066702173563475,0.0,0.0006830713652801329
-0.005767736011287568,0.020701397010704867,-0.004630861594764507,0.02718597698823909,0.012515898671055932,-0.0038718590826312804,0.02291527790904076,-0.0002833164446469129,-0.004978744425990002,0.005284311371104203,0.0029331974454402973,0.002742435445638352
-0.008674312153103037,0.006266255508551102,0.0007856117425037277,0.007156065721046242,0.006871593982687138,-0.0022807696637681283,-0.0055336673500627235,0.002669443563704644,0.0,0.0,0.0,0.0
0.02097564775021229,0.003996754152791662,0.002143093206329348,-0.01025397530326357,-0.015569858946968364,0.011176386334589422,-0.005286426493251273,0.020235747191570622,-0.016299951827206248,0.03777053255267001,0.02948906522934283,0.005472927207542337
-0.011993892300785425,0.0057740366875769595,0.01063246416030575,0.006680291496909209,0.009106733490650382,0.000962430661366471,0.006843942363811105,0.00540921059641536,0.0034098807556499407,0.0006613131782356001,-0.0014962008556373624,0.0
-0.006115644998763396,0.005468224809193065,-0.003952141703011927,-0.007940177116374599,0.001162028937808769,-0.006915237014348896,-0.0018636082100718938,-0.004973875728221145,0.0,-0.04044269547347542,-0.01146392086481949,0.01456354595733756
0.019578785750153736,0.0012350631992181585,0.0036239528433912684,-0.04229117985506305,0.02967355704083322,-0.0006177266810664646,-0.005685488237597551,0.009430386078844076,-0.002069843189731137,0.007957259676601656,0.039797136806763965,0.01658240153077888
-0.019290068084078113,0.018154104622547566,0.00013504507661778143,0.0008876532956480112,0.00343559621294956,-0.01633569640103476,0.0118748708895673,0.008884396727051352,0.005718721465240419,0.009599089702658043,0.0011384867847448272,0.0073490012099492255
0.0,0.0,0.0006567810188805181,0.0005591537745432928,0.003861855278453464,0.0,0.0,0.002752728778218621,0.0,0.0035355237533322707,0.0,0.0
0.002025029201155318,-0.0021307475686559323,-0.016487645888408554,-0.01506689060330355,-0.006303607614727467,0.00679344870393139,0.008417691883203822,0.0007167737277465518,0.006800723317599267,0.05532793245326614,0.04034464703889649,-0.0069631616743727484
0.0,0.0012506290309899552,0.0008808657189044758,0.002512681123875578,0.0016600286373725781,0.0,0.0,0.001973965810593381,0.002528196856410337,0.0006095063764029691,0.0008360170048210452,0.0
-0.013158271170015333,0.004817937672651747,0.0017365393260992837,0.008546175744012447,0.0,0.0,0.0,-0.0011515968783999363,0.002626640640413591,-0.006623860003749457,-0.005070020982774316,0.006811795512007558
0.0,-0.014800543663034307,0.0,0.0,0.0,-0.015492533302796305,0.0,-0.015458184659325686,-0.007435194646200095,-0.0035885239911603427,-0.0027469090670607624,0.0
-0.0035274309888110346,0.018372495556920387,0.0,-0.0009534166518040408,-0.0034177455369233272,0.003109219414628191,-0.003665414570812051,0.024261911877332874,0.008223572932177648,0.04389683145147269,0.007265677777336441,-0.0030881409406487152
-0.014959876942430374,0.006870503744574416,0.02086293891600176,-0.006124463337675406,0.004574715474389786,0.013755095863032708,0.030866794528755872,-0.026169943898461074,-0.0017948862867902017,0.03931337154901135,0.023368018424333847,-0.0008088346091423698
0.0,0.0021807849300703717,0.0049511351197150996,0.002567043016931522,0.0005328621875590882,0.0012671190454227623,0.0,0.0037301794881089687,0.0,0.0021714053359432723,0.0,0.0041089238941344015
0.00038465447962910716,0.034635086824430596,-0.003519802447608211,0.015688182367002087,0.01498192406869779,-0.009414996769112071,0.005704992953916893,-0.02398349168737876,-0.01524675377205096,0.03582144182324951,0.028734342817493246,0.004670378859860371
0.029301603250271705,0.00856001593187264,-0.008472819731094086,-0.04084625434508424,-0.011314448942443114,0.0,-0.003682149357418284,-0.011252744229963708,-0.0027887203163073277,-0.0036062944940495217,0.0014437063989321819,0.011033924623668144
-0.008175994466955841,0.0074218438627268665,0.0,0.007336456388975556,0.0,0.0,-0.003896125318481695,0.0017459020535771693,0.0025470269789832846,0.008992804231875106,-0.0036797675976848105,-0.0017432173959961378
-0.01842499202741934,-0.022499684036716597,-0.0011199431257860237,-0.007668284551667035,-0.0032628519819107187,-0.004619036290402523,0.008013452507007702,0.005225605317625881,-0.0013696192982561378,-0.004241290368909907,-0.004452290887138403,0.00795997949475529
-0.008887284567266637,0.010956259307102511,0.0018599139356250518,0.009324863849186928,-0.028518032293952573,0.007238471269185588,-0.0068640290828713,-0.010176956220451477,-0.0014896664760499095,-0.011115964850340504,-0.015668847534214946,0.006610892764083523
0.02176297361459868,0.0017393055834493444,-0.009262207569218497,-0.008193005323668201,-0.004799459177446452,-0.0004424431748664241,-0.004247526970379546,0.0018802188838136077,-0.0002045436367721972,-0.03645984468733557,0.0011065554627825598,0.005692001856393361
0.015906795136901197,0.0019192421748239347,-0.002044685949916663,0.008447818808771787,0.017111635125501814,0.0074346359670943085,0.005497520683281281,0.00039771832581339653,-0.004714166823773431,0.058479618290362606,0.015923056664470133,-0.03142274773743463
-0.022983467397765845,0.007280549533373297,0.004633418745758183,0.026074419972351354,-0.008833270534289185,-0.015384070580237726,0.002222569578025534,0.013768893024760193,0.013359972961503272,0.01667601248670155,0.0059828787729430824,0.0008834163287623232
-0.0075919858829723635,0.0028545306425175414,0.003345732548754931,0.01122223487887517,0.012379505149891251,0.0,0.0035128067755128855,0.007455185991778715,0.0,0.0024443103284786786,0.0,0.0
-0.00369542157680046,-0.0032790360373876996,-0.004210604004269866,0.01216426324411935,-0.0011268983698471673,-0.0010182392400431665,0.0,-0.0008490996938906496,-0.0022577734905179663,0.0035409813066977626,0.0,0.0
0.0,0.0017796998520596486,0.000724743188359865,0.003611707153771479,0.001007921302197455,0.0005687879200875054,0.0011117043601975068,0.0,0.001068406554684628,0.0008962781496698831,0.0009286715427461365,0.0
0.012477020040020477,-0.00932950702901566,0.011605912954163806,-0.02580280566994868,-0.0021078768665886982,0.005232400972068854,0.009104195589617092,0.0,0.0,0.016927857891851413,0.0,-0.011518877339420827
0.06642544974766838,0.0064517848899654714,0.0118534769127504,-0.00567874272566309,-0.004821889168342018,0.034186356267145224,-0.004997488118621164,-0.035475631706917636,0.0016545696578690742,0.04023929101831161,-0.008405641149613244,-0.010959965570483862
-0.0196412683363721,-0.0007513927747104758,0.008837623052277616,-0.004790493744659047,0.012783640808271235,-0.016252423980859586,0.004718280036522051,0.01621073613267846,0.052103222954126144,0.007613090707493434,0.019014466769074697,0.009930770446599435
-0.00012826823860692094,-0.008118009647364251,-0.004003727039306202,0.005591654788355168,-0.004048706550375007,0.00011333275732202553,0.00439528307666379,0.022382150939538704,-0.00019857587501507503,0.01538576604145255,0.0163653491864977,0.04125118482821432
0.029576789308025615,-0.01665606554742911,-0.015649683409440836,0.0017729696581219808,-0.013789711846747191,-0.0021425265792045993,-0.0031891902535468556,0.002334800284173671,-0.003815230176153428,-0.005556632164874655,0.00012044869246649473,0.007892055291640946
-0.03055989366816868,0.008457131381517666,-0.013173052536105824,0.0008113405082114967,0.010249610793925217,-0.0069994410745510644,0.0,-0.004769102074890898,-0.0038531287374605674,-0.014553365987607614,-0.007758531555669653,0.005486195663611353
-0.004160263293739434,0.03114036019003936,0.007859695921852653,0.015433242370953462,-0.008807631286938657,-0.0010873686843229213,-0.005975595119467952,0.006987273228920497,-0.002520462507591087,-0.0002919562787210966,0.002999777949330333,-0.003720094451989246
-0.013107913789710783,-0.01077629990712934,-0.010297463837673765,0.011367902029353262,0.0066280402594355685,-0.0004842180495646614,-0.009936091901154838,0.0013787887065028097,-0.001543815628275649,-0.0008547781994206507,-0.0014445301521460853,0.0
-0.01761376200552507,0.0052623076224891435,-0.001997096138154276,0.01314097361696139,0.0008735960742578137,-0.0006564027646311727,-0.0178035697013748,-0.005848987495663289,-0.010373933470807789,-0.0014536615516214703,0.0009018259960570262,0.00718016178097524
-0.006270789357840221,0.0,0.00848998335977333,-0.013729561453575312,-0.007853593197682546,-0.0018536083369486717,0.0,-0.004724654957358919,-0.002361658262423951,-0.009871739692163666,-0.016288361888896274,-0.0035053982611578734
-0.0055166884787952175,0.008665421688216775,0.001337016214671205,0.003919463954057582,0.0031260056542342326,-0.0024261563388995573,0.0,0.001774524370982752,0.00020879310296594922,0.004338969846087828,0.0,-0.004267195512545344
-0.00041708482940826214,-0.0010815924926851977,-0.018763281480520394,-0.0028135967572124466,0.008094235934194073,0.040102958130923246,0.00952699805138903,0.005649569408686367,-0.00589088519844895,0.024641589266211152,0.03586176603462568,-0.018673619058042438
-0.008666392565779876,0.004759172563895994,0.002780513930933317,0.0015885348497869161,0.0016204063797826244,-0.0006589329828693905,-0.004214020490075501,0.0,0.006039289400585561,0.013389221571964737,0.002532863505641943,0.0
0.0017728297772322684,0.001075126958560277,0.004867826674401133,0.007853533622739306,0.006887919896989734,0.0022641762107361587,0.00771740406718572,0.0009676661193412397,0.0,0.0026915945464040733,0.0010172097674734227,0.0
-0.010126606472265988,8.125062703247515e-05,0.02328476508779212,0.008164505719707721,-0.0017413886433636507,0.016246380901574906,0.004465685106310929,0.007050795531811124,0.0013860446252688746,0.015252544134043327,0.012525154626953002,0.013602952629852493
0.005312708339265823,-0.008054551620877018,0.0060245348042207705,0.0047096092420633034,8.924956119815161e-05,0.004968440192990125,-0.0025990003045631067,-0.001644886704618205,-0.005787015736678932,-0.029187420475601425,-0.0060959000349774485,-0.004965283510951198
-0.00028127053968219257,0.010663526111390155,-0.007168437327670085,0.0,0.04652727301773859,0.022000552406547243,-0.004086506413411905,-0.008802713649155426,0.004213175623664977,0.022994861060151195,-0.004427957937732842,-0.01087370824343401
0.04998805281170766,-0.013171134106380301,-0.015859145910748357,-0.03990335138401604,-0.017118281928274685,-0.0029013384379648,-0.010288194136044114,-0.005117019609449383,0.0021806802897998746,-0.00257973010826137,0.011017840292776878,0.008056605206326126
-0.013819591183049179,-0.0075984295730054585,0.0036477041214781816,-0.0029563510211822915,0.0009343949847936258,0.00952650591750207,-0.0011517033619507036,0.003055659618977656,-0.016447566273106045,-0.0006601982113178476,0.00010134237146741838,0.0016073891927166507
-0.005557975607379413,-0.005475986069336085,0.014739667633826684,0.02775908160069909,0.04015378471011276,0.023878851532397466,-0.018770902199307275,0.010098354074483605,0.00820120842620367,0.004607658352919324,-0.0069184927523289,-0.0018259404953134665
0.010444764073333673,-0.0024077156950477086,-0.005292102843256989,0.008932529351460444,-0.018191513502710695,-0.009347346346384072,0.0051886881822343,0.00356594779755983,0.03117980695001769,0.03954584043191275,0.01699976287232138,0.010122202567723785
-0.006610097213895824,0.007015437771952397,0.007520331193905158,0.009229233778644373,0.004105754205068042,0.00034919900657808434,-0.0021960238087124187,-0.002056455492410223,-0.0010449813794950304,0.003198418254820987,0.0008153328799936291,0.0017647371971127844
-0.009961444939905528,-0.0003015841206293643,-0.0008225760902709316,0.008370304471165211,0.001159754017305457,0.003176319673634701,-0.00180395192787995,0.0004625446424314134,-0.015039960103281914,-0.00495047657705443,0.0007898974789096007,0.003621604265538146
-0.0014466920062195202,0.006494479777744977,0.00038307394518527694,0.02279384865789295,0.00800393817570913,0.010422638149818557,0.02334931112009114,0.004925961489599164,-0.006676360102294144,0.03560577130419758,-0.002376430324287233,-0.009427473504289546
0.025370007675962442,-0.014710656877725811,-0.006761859560735029,-0.020113511276861076,0.011440628670077726,-0.006398964386709779,0.000598312235301784,0.0042035953581846435,0.0012908152234412582,-0.0010287117059526937,0.002470973468103511,-0.010914031078686673
-0.0013734430263559396,0.004710677600757181,0.018698871881996888,0.0022301132693556117,0.004291768901596855,0.0,0.0,-0.002123409751349128,0.004902936138143414,0.004163560331566355,-0.002568096616925132,0.0
-0.01617344810438756,0.002032983565420952,-0.016489505978260332,0.0012983102677739105,0.00938936274774087,-0.004400492276226733,-0.0009116941583871747,-0.0058097105843441825,-0.008556267977985763,-0.03304765187384209,-0.005740554109808092,0.012204005721586532
-0.005860533318234012,0.007324733872932092,0.0,0.010710181596530234,0.0,0.004462332804084777,0.0036226326008398316,-0.0002956466740486554,0.0014012530921576137,0.0,0.0,0.0
-0.010496234604389096,0.0029767493912436003,-0.004093447458116078,0.00797763855301736,0.0037021164775819823,-0.004332985030738652,0.0,0.005875113947178485,0.003708135879914488,0.0,-0.004842011454440461,0.0
0.025333061802445725,-0.010427893312309732,0.008853785859279794,0.016107702911194705,0.0011149094115939296,-0.004224261660736501,0.005252863985661056,0.008443414576999481,-0.007638517042875548,0.013690750951409364,0.003690980886474366,-0.0055696338072142755
-0.006704363882236251,-0.010124874381820543,-0.00815715248221551,-0.0016301852719875758,-0.0010999345692403295,0.001331273873999345,0.005032685918312518,-0.010140204418875432,0.0006291108335546245,-0.011229543944670087,0.0012400563620541657,0.005258998287405771
-0.01100534528643121,0.007831850581555276,-0.012442112366167801,0.02102908170357543,-0.018153092334687194,0.008432455645969462,0.006050176664968741,0.007823835049268904,-0.006783917475827068,0.008015982916115995,0.0035641305943391118,0.007291773119705555
-0.006570978875103932,-0.006886685674223733,0.012878680222725323,0.005545454640843652,0.005443977831034293,-0.00740732262548043,-0.019186273155026592,-0.024541915900372538,-0.019644689429299454,-0.02043723665287483,-0.009216441637495477,-0.005295179850630258
0.0014214861432661405,0.018883797987084085,0.0013847665770183963,-0.005867409097363268,0.004169345173950756,-0.015427609209974024,0.0010729657658556503,0.0,0.01244711355900315,0.006507559759669005,0.01910319212025694,-0.007512487959278665
-0.01280283570199883,-0.00022271189190356026,0.0,0.0024959374475776275,0.0024917160574991696,0.0,0.0,0.011679136167779202,-0.006145976017296362,0.0,-0.00897509210036057,0.0
0.0025686076996596346,-0.006818384585055252,0.007781489417713057,0.0017877795360638112,0.00806308337755012,-0.037519426990029005,-0.0011367657609236395,0.003991286524652359,-0.0014621271825784714,-0.030988320148047487,0.00509730184811073,0.0023011145898618295
0.0,-0.002601632854666667,0.0007641989503914067,0.0038964631910147498,0.0022628465380246225,0.0,0.002138384670918106,0.0031927900641474465,0.0014180322501103168,0.0,0.0,0.0
-0.009958825876706951,0.0038285511676220134,0.0018048847884538355,0.009715086052562204,0.0,0.0,-0.004043113146087955,0.0009838962067969241,-0.00420492060965303,0.004306434002288588,-0.009948665673121432,0.0012003874919271128
-0.01633564555321721,-0.006297458736819711,-0.006815893408836239,0.0013345792566089908,0.0037727514173325487,0.00831584775155437,0.0006612782863373434,-0.0036435551910291293,-0.004679748883668722,-0.030841570277085933,-0.001376517220085344,0.004017346831868061
-0.0056336060976596575,0.006508865596289579,-0.00606425399358243,0.02079922046383269,-0.00030184459043714655,0.011559191051606335,0.019341290638623953,-0.0017059393834958174,0.0016638592221849826,-0.00016284871069036552,0.006048884862535912,-0.00899328188751141
-0.011502814910672725,0.010921884041414196,0.005637799180222024,0.0028794948845959393,0.0019797612667045816,-0.0028602892858914965,-0.003306767161602974,0.0003836274876106475,-0.004371553670986167,-0.0013804643287184954,-0.00023213952916303047,0.002707420721079613
0.003299755777324427,0.002195084420830657,-0.006338506954241491,0.002493237031398239,-0.015198075613525626,0.011949756772242123,-0.0036655202310268546,0.00011761840746852237,-0.0013318183393827324,-0.008021619206466995,-0.0022303244029300787,0.008248501870541103
0.007110896258729364,0.004862944333117909,0.007643165959178467,0.00901410309097614,0.0025279298010510505,-0.011519609359470384,0.002990939812113142,-0.0015798038728668214,0.011623578768208007,0.017836919843869047,0.018676695952496807,-0.012590672449761182
0.0,-0.006641751294212478,-0.0019739237119547203,0.012323904817814027,-0.011050577738038738,0.007094757637145937,0.00010965350576236522,0.007746529003387789,-0.008086063805207214,-0.0050742781316594245,-0.018158915418649415,-0.0015278494473250888
0.0007536385403026042,-0.008531139026051926,-0.001542336815730025,0.0047891297186111025,0.0,0.0,0.0,-0.011371027017073354,0.004955265496987487,-0.024776467197608287,-0.013333006499071742,0.007217432822149396
0.020267404651127908,-0.00998672416013177,-0.008557998083144211,-0.019751978339002326,-0.014162078908156536,-0.0038511592587045355,-0.004628708820663333,0.02533886037166119,0.0,-0.0017999727165728258,-0.0007694734489979111,-0.0027179269137613243
-0.010555910978555018,0.01060717931443996,-0.01489544247418361,0.001703746847744953,-0.014830553863947308,-0.0004933451773143536,0.0,0.009277865649965626,-0.00698842259601052,-0.016120433841480326,-0.008252542654352197,0.007994896238080966
-0.010563143304033226,-0.000864759753757049,-0.008196273439180312,-0.00421368680183918,0.010131196373811385,0.0006095430233772004,-0.0065054419412442525,-0.010568731906229756,0.014558014696947277,-0.02035716448953534,-0.023745066120485343,0.006884697710518251
-0.0060245087789260856,0.0077694309950953515,0.008140326265851995,0.03940577127120771,0.002666723506572169,-0.003701302200736103,0.014067483069724522,-0.023830737223221748,0.0030000821630455227,0.019850120005888566,0.012455382596539305,-0.0011978016418312295
0.0,0.004628173950079772,0.0,0.0041288262261255145,0.0,0.0022892494783331133,0.0027578709072785495,0.0018327222462918517,0.0,0.0,0.0,0.002417232094599527
0.0424137283619492,-0.012721243592730453,0.0,-0.0028948054028625596,-0.04306664442566165,0.0,0.01391562617419872,-0.018635279209084206,0.021311374450927668,-0.05432567228138632,0.004236227454599479,-0.017377194480717756
-0.0017534646837235968,-0.002211971236529365,0.0,-0.03040929189285471,0.0,0.0,-0.0009572574165679365,0.0,-0.010068161774267505,-0.00527015169872036,0.0,-0.010065538558839467
-0.0077366508918385165,0.0057119256648295105,0.02022388116156734,0.0365592028693472,-0.012658552824923348,-0.01544264787143503,-0.0043251129237933846,-0.0028948700515673484,0.01194703252458675,0.023022822431102374,0.01961754639929836,-0.008034784776623317
-0.0035569120101211905,0.005425248673852336,0.002224797519473789,-0.0009612303942170547,0.0,0.0037771414849160183,0.004533668644304534,-0.0024664906181200894,0.0,0.001952858894254868,0.0,0.0
0.061291749755526585,-0.022010734090733185,0.0,-0.008041415346228471,-0.0063308884527729405,0.0,0.0,0.0012359394687752865,-0.05056616409609203,-0.04262038664203243,0.0,0.0
0.015262276554107237,0.020818533030031713,0.019120919119845037,0.006271630085703642,-0.004262665907823519,0.015323233197973398,0.006791896530234269,-0.013731656182828242,-0.005918866664271179,0.022977113948400147,0.04810037371901114,-0.04019364821903197
0.0011346509767194957,0.005984814714651079,0.0,-0.0002918319508313478,0.008195388742786988,0.0032691564289192656,0.0045569563613322515,0.0,0.0,0.0035945482212398298,0.003008821309487614,-0.007225071620143392
0.0,-0.010623477658429222,-0.004143331411768507,-0.033741393659939965,-0.007486315387295779,-0.00982971706563269,0.0,0.0,-0.0199818637487794,-0.008927384154232769,-0.025652228942092303,0.0
-0.0077174449882013154,0.0048322143755389355,0.007919510247092488,0.0004797361793785898,0.005269640524644368,0.0015748007325110502,0.00512608848348576,0.00037487542528499515,-0.0022642834802886406,0.0017713016708148321,0.021596882870145353,-0.002229161399198134
0.0,0.005056878060964171,0.0,0.0015169728396565733,0.0,0.0027110184947138987,0.0009281483400420796,0.00230853392049986,0.00033393125540412616,0.00032718136326778197,0.0,0.0
0.00435183591199964,-0.0021940731183185316,0.001661038560848869,-0.004383029319562509,0.003045435823907087,-0.0008978323194596963,0.0,0.0034332135638264812,0.0019809605321291497,0.005653779821347287,-0.0004795328804587523,-0.002865465737087019
-0.011418648269387524,-0.009106852353695141,0.0003119446693607197,0.01596730714371298,0.0023191068775922385,-0.0019907849370285513,-0.004958986227602237,0.007130759116478747,-0.005521943445869252,-0.017325439456182177,-0.005944322629110776,0.0020350990411966037
-0.0034073744472151585,-0.00771410872293254,0.0035617601260425767,0.008344744269083519,0.011282917305907601,0.0021673917920070345,0.002194563548621203,0.034183792427834335,0.016124876714375864,0.02964359903717426,0.006608302789256284,-0.011843435083276191
0.0,0.005456581978675237,0.03796144436690889,0.028206489434308552,-0.00531739504791659,-0.007302459378886972,-0.00334762723730229,-0.017973412253112626,-0.009658264675790468,0.01631933033962395,0.022870964091034753,0.020915989094256852
0.001961920362600402,0.0020312282389286355,0.004542701072907073,0.007575769589730188,0.004208864582150474,0.0021327298577543652,0.00024206800743730895,0.002373381551980473,0.0,0.002187619385601192,0.0,0.0045569731570529745
0.015248212988391463,0.01972776532064244,0.01266112947606933,-0.024732306872751558,-0.008674010803642608,0.03749088748446786,-0.005535913308424863,0.0027603403558314585,-0.01896559529849761,0.059106789873128486,0.01952061236681785,-0.018258272762958577
0.010926730351405548,0.006197331236533862,0.007785709937279367,0.013784946463225806,-0.02353239542854892,0.009016249457199385,0.021862565776477844,0.01291815017443663,0.015498131706787821,0.008828642568451379,0.021464499280988134,-0.012042386779615962
0.04106743904596213,-0.005156341337147783,-0.022875846804671363,-0.027703265848156283,-0.027584451025864012,-0.021704716208304786,0.0054817263289036995,-0.0014670324079598823,-0.004043892618457739,-0.018172387296856007,0.0022397153156595087,0.015462922152981314
-0.007224519291287857,-0.0021198130778412507,-0.0017614279181534234,0.0070895127948282935,0.0,-0.010402476866351687,0.001960473670455261,0.001266319771677075,0.0005644456259686184,-0.003985983965927439,-0.0007546974489610559,0.0
0.005588222122935663,-0.009131535885139546,-0.006823833120439313,-0.026783533958150293,-0.019006227249307648,-0.0387916674417535,0.01544334687411955,1.7263747836473042e-05,0.0,-0.016848326721487564,0.026782766739229833,0.0
0.03920134624842445,0.006794924186749265,-0.010734987947282178,-0.032264954145913245,-0.003589587957498084,0.0,-0.006961476389890016,-0.005844008579618036,0.002706427530731315,0.0,0.0,0.0
-0.005183211420044514,0.0,-0.0032807299468890997,0.0031110507501597787,-0.0027188344342822675,0.0,0.0,0.006333666587405463,-0.007521732075810319,0.002417826623874875,0.0,0.002522839665844647
0.0011988506365528864,0.00807152735087685,-0.009587910331311851,0.016323204624043186,0.008917731235021958,-0.0032796445616173364,0.023093880370489355,-0.00347472240272631,-0.00039091945571960093,0.008300227027462167,0.024796452228104438,0.007132606073473653
0.004106597616561708,0.03280107242250065,0.00978932315779909,0.008816367266146439,-0.013636574375293203,0.012640929020200592,0.002211987976699554,0.0012219317289109144,0.027534798352818492,0.016148601417467632,-0.009681058384099224,-0.004036961879642129
0.0003891251665702755,0.019210454554794695,0.006188177248172618,0.01537482652309373,0.013085535081697014,-0.027485815704796395,0.023730325062393837,0.0007094886861634826,0.0016952345334618653,0.030754056655114215,0.017633687728489954,-0.013022513352891974
-0.02451690713309784,-0.0013961033406420657,0.0030535556491133584,0.016784692509944046,-0.005876587427042692,0.0055839453993478325,0.008952872834541855,-0.006331364679261753,0.011732967692774642,0.03155504157736267,0.021776263753932813,-0.0035290914956951675
0.0558625390722031,-0.02043571829097474,-0.03338936793556583,-0.04913705691048167,0.0,0.0,0.0,-0.006375523448960752,-0.009283471299101538,-0.012022998263389652,-0.00869449661772487,0.01532123649497774
0.038423920352627976,-0.016408154802525388,0.010706886973558568,-0.028728655296310444,0.008240119047228949,0.0039050997467268526,0.000518993442947187,-0.0014057078552325113,-0.011742684303182293,-0.011414387489807628,-0.035608311254589575,0.0
-0.007462298403527717,0.0014826805127977707,0.003505347756313809,-0.0018657652898443876,0.0014988025011075602,0.006035553560877605,0.0,0.002428505389759241,0.0010679017767907053,0.001108887516557972,0.0010212293046913002,-0.0008672908700666527
-0.008200311318426053,0.01766834136024703,0.006571498677639828,0.023970685628162566,-0.0024370995096205748,-0.00515087912085366,0.004750707906359404,0.003819611113897371,0.011429584012218308,0.00584911108204781,-0.001045352219424629,-0.001257484498320565
-0.01986203368374176,0.00017639959777475053,-0.0023844888263466614,0.011204729976322417,-0.002998977611951705,0.006444015556449102,-0.006422402367298072,0.00819651464111651,0.0015780695935544672,-0.016262970402085162,-0.0034091238703879644,0.0
0.02804746515585115,0.0033835255236034055,-0.01134758992168297,-0.0060250897081136285,-0.0225024446543617,-0.004909191667387091,-0.0009848648058493308,-0.010052032669936687,-0.0013634933093702496,-0.005567101970732698,-0.0025298081248320337,0.001509435833924375
-0.010606934552201228,0.01699279833370878,0.002510640869577501,0.011133555343373088,-0.0011341891591495172,0.00467570023825654,0.003066587930315902,0.01714419107601568,-0.002112499764300994,0.007874426811258009,0.012869448473225268,-0.012150505171279432
-0.011785480324035225,-0.011893401711359048,-0.005227210164089966,0.011220952653561234,0.0,0.0033389806049340834,-0.0008032534708815601,0.0007044386579086836,-0.003928010658151085,-0.011821271303005662,-0.005894316565119327,0.00615736414591948
-0.003503027181760606,-0.0070154563925167585,-0.0002621284786040439,-0.00532687036241103,0.00308861355742341,0.0,-0.01371716312215144,0.004151667562266734,0.0,-0.01808945934935608,0.004028544866618995,0.003462061215442037
-0.008457163479958394,0.00744514435240426,0.0049753064781098465,0.006962769491659163,0.0,0.0,0.0,0.005870679020327083,0.0029269051068877144,0.003919077181677833,-0.002701876059691189,0.0
-0.003826416919802967,0.0016113811785654466,0.0,0.002584264441705774,0.0,0.0,0.00143682319445241,0.0,-0.0027864415336541146,0.0024017459212506065,-0.0018291988455831373,0.004759444793907895
0.008680566126412229,-0.00496752971029938,0.00147646993296775,0.0007659474616427594,-0.010930998029302223,0.004031812310744447,-0.01427608387124956,-0.003029184598416647,-0.009214988419387579,-0.011580342430414468,-0.007010253327850972,0.007951487731635164
-0.005096961483462086,0.007913397065456974,0.0039180775520876385,0.0010259397233315214,0.003553786484870899,-0.02082484069078136,-0.007181548028580554,9.388088370322768e-05,0.022992817055332557,0.027509708759512738,0.046915961004267454,0.0030559984428585895
-0.006804414270237198,-0.007721571796723549,-0.0019303564977589643,0.0043163179764113485,0.002678914456780566,-0.002466374003104276,-0.005009215785863677,0.0016570814903147455,0.0,0.002232189458930494,0.00027126337597236624,0.0
-0.004863586922254289,0.011655915691791202,0.0010473415955724549,0.015252107860811792,0.0,0.0004083821112816904,-0.003405180769228367,-0.0021448342759095777,0.003704909242581671,0.001819929356757055,0.004067370632111081,0.0
-0.005016138498085819,0.005875965139452636,0.0023987884492042435,0.006004998073918574,0.004574452601136816,-0.005899809883541496,0.0020386949868350383,0.0020761585301007066,0.002206247760466569,0.0,0.004268056924748742,-0.0036701200618199374
0.014560846805872267,0.002174625608024921,-0.009230491257711611,-0.005998097277156185,-0.004632951337264949,0.004843514201194501,0.0011410142133699292,-0.002058600794171298,0.0066228843545727695,0.003710635288107684,-0.0017384620453599145,-0.0019711499549995167
-0.007631932880236894,0.0032043838306672085,-0.019133239169561937,0.007192708316371667,-0.0044637428978114594,0.0,0.0017398015004799186,-0.002495953477198757,-0.013918958023894847,-0.024584316333851584,0.0024726492431638544,0.0033576847310727923
0.014473252862845292,-0.003892343456929357,-0.005245155096128873,-0.010988127262834428,0.003549950501164982,0.003998543124029415,-0.004190194980266707,-0.00640101893729499,0.0,-0.003938853705575886,0.0033336628478105846,0.0
0.06576181062688119,-0.027923341842112186,-0.024835653835424586,-0.014932491383271435,0.0,0.0,-0.0014062577470052718,-0.01194584154084552,-0.00930648655346691,-0.012785007589486315,0.008168878285276881,0.0
-0.006994668555197697,-0.00034977914921101826,0.005011430758923765,0.008261981982697064,0.0026209017767838544,0.0,-0.0011160640184377383,0.0015452609872963618,-0.00701065962647216,0.007594682999478468,-0.0013142619242938719,0.0
-0.04536228898061597,-0.01045600356655677,0.021449392942837098,-0.004512915351703787,0.008612697187475031,-0.03356366406465962,-0.04586940020322286,0.015224587980087684,0.004237593092170687,-0.056618224097943703,-0.007799394690501174,-0.011424658777790505
0.03793915900597209,-0.015268153397079293,-0.011916992691606084,-0.022507327660486548,-0.002043394774328543,0.007579428855360813,-0.007376214260110929,-0.012303117858326565,-0.00407330084179429,-0.016174802029941333,-0.0157516820453466,0.0228287437430373
0.0014555583941056975,0.018263328002522197,0.004638944463451187,0.029180190967945618,-0.011854246818022858,-0.006233753436942278,0.00625243029894144,-0.0027240610617147274,0.006302431295352576,0.037998163654345184,-0.0006552652698242524,-0.004412756327636227
-0.0009855594138856742,0.002799477805694279,0.009026783331697862,0.02194843830971262,-0.0051291338563375114,-0.007572936076042206,-0.001384612114730778,0.0012893456502379023,0.004184800054424476,0.0007294863876760316,0.009048391562351148,0.0015823880831725354
0.018347798468800792,0.019841285935127365,0.007651327232624359,0.006130256411747037,-0.01408562278698811,0.0066496636348505715,0.01425905976545704,0.0057888747994786485,0.02471154483092645,0.014414690739825846,0.011175940682006238,-0.021656733521074518
-0.00748092241569865,0.013105912907772218,0.0038194525450021867,0.009848315718602863,0.0037841165198907417,-0.003232532612180135,0.0008169064504735267,0.006158971790006823,-0.002251313738409902,0.0039525957862266625,0.0018462538496013443,0.006116054397756507
-0.0066334409573372685,0.0,0.005683495971385889,-0.00031939645114401175,-0.003910271427630976,-0.0011936492672276486,-0.011036764935444495,-0.0005191586678793942,-0.006187720533812405,-0.007469446787342056,-0.0038114429643159677,0.008395532811897111
0.060541148933655,-0.05574390819523098,-0.006288791494845652,-0.030362530767907948,-0.014159774872228033,-0.013193684559962232,0.006972496827745586,-0.013693727870692944,-0.006914604648820838,0.010232101058283127,-0.0022645562530384552,0.0
-0.0009248966704454208,-0.043449199605447186,-0.014149427590456719,-0.031185596726045758,-0.031018659903002028,-0.006500515417500492,-0.0057085316197280555,-0.030388636388871845,-0.0065782819809054515,-0.011182552519061839,-0.017934526349667242,-0.0062434511379589235
-0.006823657710922915,0.0,-0.014104999582491945,0.01015618007551025,0.0002136302769711144,0.0,0.0,-0.0015267999929555673,0.0017595772330854615,-0.009178903144922763,-0.00582632271465968,-0.0015512219171114113
-0.015633377658077093,-0.0018456187825480151,-0.008878073520743485,-0.0009345571580946446,0.0,-0.0044121086555494295,0.0,0.0,-0.006645835998726014,-0.01594182390022984,-0.0007115785556716328,-0.0037927914490686093
-0.0027749661964412875,0.015886131869085416,0.005884106048278559,0.029934254292175572,-0.0043835548126495705,-0.011544159755170924,0.00723106194957113,-0.006068375200475751,-0.010004192941878376,-0.00927860715723059,0.010387107674759434,0.014403712363472633
-0.00834641766588101,0.0025612787352869205,-0.0025248640336587532,0.00012588697613566977,-0.005941418813451445,0.001530890039528498,-0.0011181898135232625,0.008999496458024907,-0.002788179712968377,-0.00432070068797114,-0.0039925868143690065,-0.003298851436970078
-0.01546692732744994,0.022825815513342437,-0.009510523127512374,0.013533946314474495,-0.0012713374574706488,0.030482434784140127,-0.009536604893664338,-0.010774427596684488,0.02799854919591412,0.030408220116889526,0.02190253934221995,-0.010145685202738399
0.00937402270736992,-0.00031754327479352663,-0.004993733499482902,-0.007066477135828174,-0.029677481659556183,0.0013212935819412093,0.0,0.002759143841854827,0.00021814055602344638,0.0400373415612032,-0.01012008551193837,0.0027142878490359072
0.002312404972737395,-0.0010265349686493913,0.0,0.004288007566417838,0.010130858826715973,0.0,-0.004594132841308139,-0.0067735980571389034,0.0035433892398885236,0.0034437484848264016,-0.007199305893043296,-0.004858612277448929
-0.017611271923329425,0.0023614018380023736,0.0,0.007021345360375095,0.00012711446423825716,0.0,0.0,-0.004174741594048394,-0.0013793684908095904,0.0,-0.00017269330702419342,0.0
-0.00797395490272175,0.012670597056223235,0.002270920845457478,0.0030404674523229896,0.006015955478445138,-0.005083343203697206,5.852312942716064e-06,0.0,0.007325591503161223,0.00012792477926272996,0.005930937872791337,-0.001191068239589498
0.01565166951751742,0.004006065160764758,-0.0037975835815548726,0.01101575560506723,0.03272661315180867,-0.010471824460989867,0.004756023163515429,0.0021849207241303836,-0.015886910481751376,0.008711143221880055,0.002975135402652127,-0.0008645766785360344
-0.008449086829162029,-0.007073813351259693,-0.003786394326230357,0.00020899242218733473,-0.009251376592228812,0.002831292176070538,-0.0031253092245636786,0.00391770823970138,-0.025468191878934815,-0.0046450914627074414,-0.01149441169286445,0.012984920350804749
0.038280048898320575,-0.030586242754362055,0.006493052470276844,-0.011192362628612123,-0.01234307718747455,0.0,0.02563226563195481,-0.01910433292900165,0.020603475595519654,-0.07261794954384558,0.0,-0.016506343106044704
0.0066232690715538655,0.009865925469620474,-0.002653811458244433,0.0011021702608990482,0.007286498307035434,-0.005208806058541369,0.022990120194418717,-0.008593240634374668,0.013025243139617441,0.028267992911709425,0.010433302368369113,-0.005838895482435815
0.03309793244077248,0.01900582045677356,-0.014170893060377646,0.004512479273870566,0.002084233567247459,0.005568705815217189,-0.013484868334195632,-0.014355690938403593,-0.0012155706553297178,0.0460947039607325,0.014916668631498813,0.004356648005912866
-0.0043406349219631025,0.0037173806242694445,0.0,0.006704588613261143,0.004574767900683566,0.0,0.0,0.002695078958406032,-0.009864656454915363,-0.0040045860057391905,0.0,0.0019382381689151537
0.0,0.0013761675864400046,0.0,0.011355620928688026,0.006306494364354012,0.0,0.0,0.0,0.0,0.00026904425132738503,0.0,0.0
0.008294365646489272,-0.0055071750771922,-0.015738610966660765,0.0048482050072172185,0.004271547841963497,0.012848942733702462,0.023963712229769975,0.005653907875803444,0.005773867171113371,0.038596431378768295,0.01320130365195494,-0.00801673231836675
-0.011390564615300131,0.007634639271542405,-0.005527054386766524,0.0023593430172168307,-0.0008286373210407578,-0.003109606906341822,-0.0013712057833631475,0.007187003948485694,-0.0045810029878226455,-0.0029210135933821885,-0.006740006967710304,0.0044012322242892084
0.005481705461687521,0.006415178505081697,-0.00799970986247864,0.007073955928438951,0.012685415359082852,0.0038412175922287687,0.027038498955397613,0.0006065622746051592,0.012911422469914826,0.004069686340122512,-0.011989800952362455,-0.01212028166156037
0.0043529958788056525,0.002113300620694902,-0.006569437084858968,-0.007978476777931905,0.017256643602269747,0.00045486645248811176,0.00013070517532441073,-0.004023788786693121,0.0023828541041701593,-0.0008963188329000037,-0.005477080653513033,0.019443770512205086
-0.0032110617058854775,0.0077039039295495855,0.002131130813125408,0.0018877505128917034,0.011470199643840955,0.005754547804042535,0.0026230766984755814,0.0018383604612157605,0.0036750293683145067,0.0023706719019970716,-0.004718493023097957,0.0029063255774966243
0.001774983018266102,-0.005947394382260718,0.001166355455896024,0.005477645426468986,0.004766136094725987,-0.003030825210089375,0.0016821942538498616,0.008619400315688835,0.016711891250518193,0.016330676193306266,0.04648370726343284,-0.0021177770558231616
-0.03784802440030991,0.01791242168917368,0.008847199823462824,0.005878150823110272,-0.011218424171668564,-0.007167430755629978,-0.015626170541475005,0.0023345783025854323,-0.004432271326353723,-0.01153867514394842,-0.015615840669479039,0.002318252383692757
0.016623903639039605,-0.006998154125648443,-0.004387446156846809,-0.001907273510013727,-0.0062870867771845215,0.0005736467733629506,0.018426203853844112,-0.009668674324875793,0.007151873514373518,0.033779322079883205,0.022643215195681233,0.012846034528989499
0.007939439998767865,0.027580055016573735,0.05280031986359999,-0.0002841280417681981,0.01864510106435262,0.005890474191123272,-0.03160019878788926,-0.014229897707201377,0.011011238969993481,-0.019319487101741206,0.023534958285926676,-0.0029724449252177174
0.06925134953276069,-0.03558574727285165,-0.01195964531661506,-0.015242641862354972,-0.02208755088407976,0.0,-0.018754290990823774,-0.005980456101406451,-0.002940328442193363,0.0,-0.009995849632154961,0.0
-0.007180139597065643,0.009183653208398675,0.0004104373668645214,0.003932359350147367,0.0035861147882600025,0.0,0.0015453440860543537,0.0012666627296729002,0.0021760271479091845,0.0007038490957660994,0.0065642422408113965,0.0019693431011670857
-0.006861062734107142,0.013209340597797154,0.008181605252942406,0.008034561717539445,0.006370229565393563,0.004628732739631628,0.005333413658552777,-0.0014786610429558106,-0.003984339154693435,0.0012521101834069499,0.0011302466479123133,-0.0006620117468638737
0.006708956768797132,0.00032373257845230013,0.0028778368909343735,0.016579993141642577,-0.014208016963244365,-0.017080163840103895,0.004152224985736157,0.00916413721780738,0.01515546307207752,0.01913741408786539,0.013801990733835897,0.013421346892023053
-0.04498364910152642,-0.021858836282829003,0.006861503648703707,0.020034418646356692,-0.0048652319124237115,-0.0013740002982212303,-0.00835856218299158,-0.008616908056053342,-0.03539554683662908,-0.06215093524985189,-0.00332556472872605,-0.004542069521467118
0.0013114101578983975,0.0029909851694922504,-0.002277557837378656,0.0011493854200885381,0.0,0.0016594247993312865,-0.006377900637318854,0.0,0.0,0.00826601608028696,0.0,0.0019062072245833624
0.0387541193625226,-0.002572536852961075,-0.007912842646129343,-0.05377190777609944,-0.0017765490575285786,-0.008391098906557053,0.006009800193784279,-0.0025047187218071323,-0.006116589306217421,-0.01859635150866051,-0.008241242610798642,0.0
-0.006591932084491836,0.004687574741579011,-0.0002126055938134888,0.0029440026876880374,-0.001992541949581183,0.0,-0.0030641207945636996,0.001993014641720206,-0.004519885803148642,0.0,-0.0008361239539464998,0.002075090631984114
-0.009164585285238542,0.005231388534685342,-0.0004257701511486518,0.005267186643427555,0.005816512091702047,0.0012503123431493988,0.0007033060254874579,0.006451104116231805,0.0032146402926635192,0.004511076898585586,0.0019225164344267315,-0.002514494456472092
0.0,-0.008229069932379096,0.0,-0.0021645161188766538,-0.026029137086864915,0.007466202976584176,-0.0046084488029263385,-0.0026046921472530154,0.00041232257431798614,-0.013769277232749599,-0.0034136922344726443,0.012710701236503757
-0.0077696625242644765,-0.005783231463135111,0.011228602815175058,0.008520205363621572,-0.0006842788216025667,0.0010403745684159152,0.014252851579331892,0.008666315035106991,0.014898599386354246,0.0433125523105475,0.007899036789735692,-0.007933137864830778
0.0016307390441605925,0.013395675220732274,-0.0013512499007908455,-0.005519172110051936,0.011393733628203957,0.004126656756545188,0.0033968864220967968,-0.00983638765644391,0.0026974892294304754,0.013385546016982872,-0.0014654111716238443,0.004352660695185071
-0.008757673804408166,0.0056748629510832566,0.0049595426112208395,-0.0006609936057227383,0.003172411012525791,0.0,0.0,0.0,0.003927053542109609,0.0016809554258095355,-0.003712832649732567,-0.002036425640290502
0.018913292654564286,-0.0013983593780598918,-0.0013094473989091829,0.0026972032604109363,-0.004578876101911001,0.0022533242075229213,-0.008471802920867522,0.0,-0.007851568939804932,0.004764811974296115,-0.0019314696597399466,0.0
0.0,-0.005482102778969644,-0.001490349171406053,0.005569510819347919,0.0040887900294475175,0.0010273973212330083,-0.0034644321228258276,0.0076480315654773425,0.0004945703199187362,0.0021371039067651213,0.00583042366469023,0.0016854878142106976
0.0010454437231765302,0.008069437206414894,-0.00025202798506034855,0.0034622194831754466,0.009380212326743747,0.000250625132974146,0.0,0.00908605525797859,0.0,0.0,0.0,-0.009352106252470467
-0.008302607165484695,-0.004617367757675629,0.003670544492548276,-0.004081478873255739,-0.017444669071648253,-0.012528145224285891,-0.00021170233828566505,0.006999150010940436,0.006300056515191385,-0.006112797358066516,-0.001232390904291273,0.00359878226949371
0.017745519005482196,-0.0028088478637842175,0.0080192031448946,-0.007664190137469328,-0.019809641558839148,0.009553911180738174,-0.0002950672111406642,-0.010798070533975473,0.0026987648329887468,0.0905407513787954,0.017125777140442024,-0.026611697212793477
-0.0072583276879515345,-0.0025863120505542135,-0.003542256787901497,0.004773976253913383,-0.0059162424216467864,-0.0022533841174663164,-0.002827514161629485,0.005377387446536466,-0.0013825981090423184,0.0016214487714693061,-0.00794282155109832,0.007130090057539636
-0.007113919344245289,0.005092706720983555,0.005694821088083964,0.008072829602286002,-0.0017424042358461546,-0.0011314460683004837,-0.005563119615018358,0.0036736197726030383,-0.008150596801349426,-0.00433618301544369,-0.011200302056190053,0.005060971017220274
-0.03863486103261198,0.0,-0.0008820939779489526,0.0018844436697560767,0.008663970475080622,0.007212532076611415,0.005704553361867312,-0.009391484911792874,0.001450086846557483,-0.04428972280447927,-0.02213170280091592,-0.0037941358944414785
-0.004913323332574811,0.0016355514397134435,0.00047441018941237785,-0.010052332808351378,-0.010914798387693736,-0.003139905458041811,0.0006664321960664259,-0.011728553947847505,-0.003782246868930731,0.0,-0.014127609397439657,0.015546573998796201
-0.01051572110863566,0.009201354760696303,0.013884643914622635,-0.018065716300381188,-0.003612745613871402,0.034205894529751805,-0.00946666603565449,-0.006506089789983612,0.003358610187960387,0.01032428099108778,-0.0038468065866089237,0.00312515606232914
-0.006635371193643838,-0.001095358643093285,-0.008565337868380183,-0.010413706168540387,0.0,0.005493756239065635,-0.005912808809126706,0.002584564221932185,0.005350909661020021,-0.009007327955409346,-0.007450180212906782,0.0034606986459486343
0.023153307994587993,0.019971758176725852,-0.0016608129073378325,-0.02135388858742909,-0.00928354715572804,0.008781950565022166,-0.002147239087334772,-0.004494977870384306,-0.0027426685707928715,0.005739704245619503,0.00996635654672865,-0.006612865892393317
0.020920543424026748,0.008957683556145889,-0.010652690256649798,-0.005746950141023982,0.009301489135775767,0.0024047516864797625,0.003461186134866999,-0.0046705856925901386,0.005437546191096036,0.0033914037085487625,-0.009653553135948331,-0.006143891558014048
-0.022581343214012794,0.012124389309447328,0.030006552488944006,-0.00916603294370659,0.019665626614351544,0.009698737949611382,0.03748319656405342,0.0027524341475752396,-0.011583511054769874,0.027616362975947027,0.029614929896630532,-0.0336772760210411
-0.01180678953396512,-0.004440378135703148,-0.018893860290738036,-0.012375774626855079,-0.0010199786962402752,0.035204367774086504,-0.004227598776120959,0.018949705925202634,-0.0022036343601918094,0.006790700617267401,-0.012288546248303034,0.008893116352294261
-0.0006175721509354444,0.011033770872841313,0.0030173326091941614,-0.0040237299833660554,0.004566481127293975,0.0036718111054403362,0.004880626057597752,0.0009635268077463209,-0.0011571355467559765,0.004671882620074682,0.003656439018757427,0.0
0.010970869764781828,0.0018940598500954472,-0.0004723781725771586,-0.001091733873074356,0.017658384777965472,0.0056584714236071485,0.0027157977639318633,0.0,0.0018246033645229777,0.007492090777196519,0.0,0.0
-0.005259983720927412,-0.03481445723702849,-0.007452912213373505,-0.0035188233042222137,0.007734028963109599,-0.022744254137386247,-0.01502123569648172,-0.013592375949700086,0.0,-0.04661330176837569,-0.03104771613716273,-0.014671057067670334
-0.012971650152079456,-0.0005397747699112978,-0.01871333255681074,-0.006148047273617184,0.0041839741451616735,-0.005310354413302308,0.005795062996799993,0.005219553549179451,-0.014943112270150292,-0.03334280616654695,-0.004960800269919096,0.018619638581268583
-0.01961778078382775,-0.027937898147133444,0.010349188650781752,0.012875869980509047,-0.006566939111890179,0.012122808772591637,0.04533943482965653,-0.009578341080858314,-0.008743916628309997,0.04322737195175811,0.04708502516210447,-0.007956643341702277
0.0033368011688011314,0.01860258574625584,-0.0005016361904171263,0.0355554274029365,0.0010140176121469287,-0.003506294676946324,-0.004273505756679834,-0.012248851157761245,0.02551602245511858,0.004592891789303762,0.019684809203623622,0.0027765898137460886
0.020426480297627055,-0.015957843826370152,-0.029384993715093257,-0.007782057824225434,0.0,-0.02679788316941913,0.0,0.0,-0.007338716374005257,-0.014691352537299704,-0.006634952028414372,0.018102282325650112
0.00901699493633855,-0.024635028908547515,-3.326874135849434e-05,-0.01690783071479834,-0.0071486036318831325,-0.01752916448855785,0.0,0.007776891215783969,0.004597393690038711,-0.001495760766213378,0.011747413367638113,-0.0052366564264064415
-0.008199899653403401,0.003051357047341186,0.014068984798491778,-0.010144506608381626,0.016786306298053878,0.008904703518691416,0.0028690070419086534,-0.0063079025254931765,0.03769053884335563,0.03420346884557441,-0.0040141416394444,0.000750726205498195
-0.003085912047500069,4.235938685565217e-05,0.002964987957435234,-0.004448700422049408,0.0017206748041666727,-0.00352647456105472,-0.006982122402086914,0.005079650283551155,-0.0005558391461610396,-0.01245688087130946,-0.004679213908179971,-0.0008551292983061046
-0.015579978537705881,-0.004372648312937753,-0.01929382574992124,-0.008993720211201251,-0.013592131796603514,0.006680643798103292,0.0,0.0,0.005120799366943735,-0.02170236317474399,0.0027335509999966423,0.0032129337912466774
0.004226933471318161,0.0,0.0,-0.025175200400624723,0.008187920007197218,-0.0007405813087710637,-0.004818651966963796,0.0022790996393953628,0.0,-0.014163921131715005,-0.004690733415113257,0.0
-0.013962462526809246,0.005969437994784527,0.004261048138201647,0.004928410538253515,0.0,0.0,0.0,0.002400188618642297,-0.0018461437609767761,0.0,-0.0035407909812258716,0.0
-0.006989881010063583,0.017878581902725173,-0.003906710120414904,0.02188368133869349,0.015898255804669564,0.03687198020690489,-0.001156529907433229,-0.02557548010395265,-0.0019367936202053964,-0.0066467659435186,0.001983214493534092,0.008193111204363652
0.006873189725599599,0.004282033262412597,0.0,-0.007694201181902428,0.0,0.008907379090096132,0.0,0.0,0.0,0.007509983435035353,0.0,0.0
-0.006858914018726257,0.008592612467407413,0.0,-0.007216876176347684,0.006552501823737507,-0.0016355977392681134,0.0,0.0,0.0035687028051925866,0.0,0.0,0.0027909578927807033
-0.04035118200906532,0.002591014725074621,-0.01847110932258599,-0.0042324161327828465,0.005663466365234183,-0.0053533185624314965,-0.009994457540411025,0.005927797494529094,0.009779413147079552,-0.017903378260693756,-0.0059380501200555985,0.015779333721486963
-0.019380951899067137,-0.008124552294101469,0.012152532995245805,-0.0056877185194019395,-0.0015281144022458865,-0.015974733337188813,-0.025266669025556247,-0.0017029983679818222,-0.00866936328818224,-0.042325750220113124,-0.01789692868536535,-0.0031655867588858168
0.055965075065372155,0.016918969211140566,0.030623696298863707,0.007358953979435245,-0.009369626821459144,-0.0030754217149531527,0.010567338234496472,-0.045448404451829794,-0.027389221248387576,0.05327618031013378,0.00322491751015851,-0.017757338335732065
-0.007399107548345589,0.02152071511665451,0.03179276915025266,0.02205240639483301,0.0007982254922322569,0.015342897085501949,-0.0016567521919075567,-0.010658180799847114,-0.0019730740636950956,0.005280131021985396,0.007835201040201877,-0.00318072478602432
-0.015922048127181544,-0.015346770564296881,-0.0024083398221834257,0.010047254579372352,0.008806588482982823,-0.006619305000452536,-0.02632413227988827,0.004181448742998479,0.005683771532394136,-0.024024800871013285,-0.013995357900597827,0.02450454347162224
0.015172553023071798,-0.003099199914354298,0.0,-0.010809617385130942,-0.028863453148415152,0.0004818998557409408,0.006852463574429816,-0.0026127636315752267,-0.0026884144169263963,-0.027670667587584154,-0.01636210326447099,0.010913934952737346
0.011442914818906481,-0.0016806229322741722,0.013936494391807275,0.0017673986999789133,-0.00647533930871667,0.0027710349890782368,0.027022178498624285,-0.003935214255712381,-0.003525390044452157,0.011916578591146658,0.008207472834352811,-0.008404444430904998
0.04501505163555295,-0.027698473855224535,-0.00020283225570140914,-0.02464399130349224,0.006578329768669364,-0.011192388800902219,0.010708278923541448,0.0,0.0034899714304225085,0.01261975404467993,-0.02781143730712513,-0.01801120324160774
0.03203688652774241,-0.02049348544894212,-0.002902640391194133,0.00898279554651453,-0.03049394559072945,0.0027468383136244876,-0.009718706522571561,0.008132009868208003,-0.001547912137439039,-0.00646421378053405,0.0,-0.003915157725422176
-0.01101920827163297,0.005227053661381751,0.003906323311995862,0.009496054993896441,0.00311671653117759,-0.0015489297272645794,-0.007163327469205394,0.002434083546725515,-0.00316841289415758,-0.007701378170322207,-0.0018099432388555894,0.0037551306029913246
-0.020928522082785877,-0.012602135615333578,0.0,-0.015259707828367419,-0.03726170080008791,-0.00974772636485928,-0.007243734988868528,-0.024260850131787984,0.023963478414381147,0.0022926313512731757,-0.03352517816052079,-0.016037493097697784
-0.010009605561698462,0.002173135907879602,-0.0030417603988084955,0.011360498233025223,0.0,-0.0025997646445608024,-0.002801618847571899,0.0019264357693575113,0.0025854668351555743,-0.0029296456664431128,-0.004028340913155689,0.003895649142893214
0.0005415171537647045,0.001697661103105331,0.0,0.005879897902499108,0.0024510257398153604,0.0025544723409629435,0.0,0.001964998597186209,0.001125671239245431,0.001150906354864498,0.0005136802263713544,0.0
0.00805182901376827,0.0,0.0,-0.005454817764407763,0.0005514374324265473,0.008859320713375342,0.0,0.006429191367901152,0.0,-0.001594893078025966,-0.007939218901668934,-0.0011329568066793538
0.022267467160706184,-0.02305007431312397,-0.0036279812558961174,-0.002424950554742384,0.0066663049867009385,-0.01348316934631249,0.01659926415762056,-0.009169664694919453,-0.011217296467044039,-0.03546743564790142,-0.011937306419901721,0.0
0.0058473413497028325,-0.02388565950722694,-0.0013104182478255826,-0.006568844379489766,0.07042699566438154,-0.011465841207256472,0.022606919311558307,-0.0023960293905434774,0.031167685784576005,0.03732058149127221,-0.009826138555843581,-0.03457992894856186
-0.007096752025911076,0.0035218034487063017,-0.0020386258817439887,0.005516034012074865,-0.003830039301753353,0.00023413057201927918,-0.009613444473485238,0.007895902068753728,-0.0056472001586882585,-0.007469829125692523,-0.004846798265355063,0.0019965136853396675
-0.005320704427549565,-0.012347215955463745,0.0,0.010350989775180659,0.030594610010734883,-0.011263036394732194,0.026225485097912168,-0.0032879254084499225,0.01475663315094571,0.029020587933678493,0.0009584587329405023,-0.005098814460664962
-0.028295019389402428,-0.020927565009414114,-0.01655544595633508,-0.030066714298377106,-0.006597902397346769,0.012971265280959451,0.018736306869782022,-0.03073440229070376,-0.005087394393071859,-0.03790053071593683,0.007055401256517981,-0.02382979057277852
0.0,0.006764201710412994,0.0,0.005419865350194004,0.004645097622590938,0.0,0.0,0.0,0.0,0.0,0.0,0.0
0.03877986790331454,0.053036705196651164,-0.009396260171396545,0.004795740556439779,-0.005503823100801559,-0.012617231393269217,0.0020106360297207342,-0.018090391187431453,0.001330687576715574,0.016486899477080746,0.029792065497226267,-0.009462031660075892
0.025449640610628942,-0.016734347407443787,0.011428112570502922,0.0187079552285769,0.013786296087211164,-0.00620131722085062,0.009483288222669237,0.021560140495864744,-0.009951847437860095,0.0006418651546636148,-0.004560640834828776,-0.008992123630931194
-0.014697101734543236,0.0,0.009085411596835046,-0.012208189970744436,-0.0033154918171592524,-0.026275301737663775,0.006988639232931155,0.00404048517316933,-0.007163860961782807,-0.0033528492208421824,-0.006366677007964307,0.0
0.014644123154166704,-0.003980920831356796,0.008951608959542794,-0.0044798505432789145,0.010461237665852047,0.009381701193276205,0.0,0.00581026642824107,-0.014482197920560385,-0.002609088484869263,0.0,-0.002490285253812339
0.036574411423335555,0.0015150088030031691,-0.006648579053250001,-0.03259607952370317,-0.00828311769985303,0.0046997222899184355,0.0035905242611723293,0.006581702344491587,0.008824346191794298,-0.0017933369397964856,-0.015171747754665317,-0.0030602041326082256
-0.017430579754080657,-0.05902280216873635,0.0012753985248402748,0.020256776035722405,0.0142510735353149,0.012918178484857218,0.006227729431646247,-0.018001068590423604,-0.011469257416671519,-0.06383927487958006,-0.03513427715642176,0.0033432650046621945
-0.006668555372333209,0.006177939572121747,0.005648144911716204,0.01457687412121472,-0.0033572890183017384,-0.008577445261987149,0.016128348826305292,0.0005186696775827171,0.004855102017031764,0.024979798531953774,0.025471244379680017,0.0003313368830030563
0.00040410236198824546,0.009518997719517563,0.011111655872403923,-0.0073333624561690985,0.00012326730363922873,0.004652255769271265,-0.000217457283567418,0.0027498220540736807,0.0055353867549871325,0.013064678291274084,0.0015062769685869864,-0.020827479443675318
0.008066346074336983,0.0020800826444724294,0.006317864228550934,-0.00764604360565271,-0.0013597751569687942,0.005166245702858071,0.0019197718243766655,-0.0013754861127030997,-0.0015257163221895113,-0.004515045535213318,-0.000294728658622824,0.004385630631370957
0.0003048051882474778,0.008450492834422304,0.00663627232341462,0.003879269646210892,0.01091619805821438,-0.017298924243076937,-0.00017468553156573438,0.005574964954290156,0.004213910932557701,0.04984571963009982,0.030533670768940546,-0.00622614261223926
-0.03270229986828895,0.0003156709345387739,-0.00843931816665807,-0.0005038908254897549,0.001025270234900835,-0.019953433497246622,0.00047583822112686635,-0.001599096640665039,-0.001787786623444727,-0.03910060799462729,-0.01046080361725027,0.018061994334195284
0.005094993579672047,0.0029475414602118423,-0.0015654948521041292,0.009506553152384795,0.007143004493004641,-0.03494613298320028,0.026883150981056814,0.03203422671096517,0.00873267109737449,0.006383544122477617,-0.013527061471442876,0.009531874626934984
0.005492634541067075,0.006890711179783367,0.028916753550848048,0.03935181855479635,-0.005874501016705574,0.01308883884513524,0.017903401290842582,-0.0016517774659865886,0.0023389569571770938,-0.0013167968097416265,0.0016514895407253264,-0.020374724020437475
-0.02015677960956994,0.005622620434904697,-0.007035035409267305,0.01104522290722843,0.0007249409073731916,0.0,-0.010627732839787038,0.005568984711600709,0.0,-0.01094106188323745,0.0,-0.0028267027744901057
-0.0030916140629940743,0.008494811041205667,0.011004006679350392,0.0019522762015921416,0.003015924729642426,-0.008318656846677616,-0.002131741510677147,0.016211836043839817,0.00702989821542088,0.0019665748002275544,-0.007582316685411219,0.008263975999897432
0.0,0.005351017784166242,0.0017413396862107405,0.0072524133255273205,0.0,0.0,0.005384086889700917,0.0073365736150193496,-0.006137346709890197,0.004142209039612008,-0.004454942569941007,0.0
0.0010471269267457058,0.0008916707017868411,0.0,-0.011544395214927729,0.0021038812391906254,-0.012781136149231808,0.002458912138332619,0.00787540830276592,-0.003521052980534655,-0.031353678206684145,-0.0020918331033410362,-0.0019111318759807506
-0.005512303906806293,0.0,-0.005439237960849264,0.0,-0.0016955818450542426,0.0,0.0041258064895134255,0.0,-0.016841887288149806,-0.003159241006200938,0.0,0.00153339963867484
0.014757353363468907,0.023394944293020522,-0.004834027950161911,-0.0015637065169600481,-0.00029959803211520274,-0.01468358343034795,-0.004100220646103184,0.0006715764038596356,0.0,0.012270154277599513,-0.010709638109224122,0.007189915101715328
0.02184396280346056,0.011765928886870482,-0.0009083774912732948,-0.0072754016713973,0.00857478298736247,-0.01035884380486156,-0.025751459072383298,-0.019720623278357226,0.012650079626357872,-0.03717886134226749,0.012486230498666179,-0.012741052411241065
0.011307408212076943,0.013950632827551886,-0.022912344027605235,-0.010268458950997423,0.01207183112231059,0.008875218204995502,0.0020927051657112783,-0.004822808715612369,0.018886138252129873,0.029329286003975993,0.03362001097656612,-0.025540716240646466
-0.0016810741473312202,0.008759016121530863,0.0004488130694735645,0.013723431043990314,0.028676137441431895,-0.006522157091857053,0.005316891199333373,0.009242019203634612,0.008999022471850537,0.021728948394686934,0.007929252478465086,-0.015742773227046314
-0.007012182608101179,-0.005754671037433222,-0.01170522042169061,-0.009030764183090116,-0.006511801011327555,0.0,-0.011103356674243834,0.00943403634910184,0.00021697856239002536,0.010342552926109397,-0.008341071959079245,0.0
0.0220926582784949,-0.003703975404889557,-0.003067550113006462,-0.013191692222880212,0.0035365445043011585,0.002891031651676692,0.0,0.0,0.004296051209471329,0.007321677208642599,-0.004649336992154351,-0.0012709318809930956
0.0,0.00879116167250848,0.0010809869904941027,0.005431246174590787,0.00035217496083477873,0.000366449974411424,0.0007949389160404843,0.0007931391278478585,0.0,0.0028793478959959038,0.0,0.0005931734768713659
-0.006126711086783209,0.024603348469810105,0.015791549107624307,-0.010042336900307697,-0.0034446908904985068,0.004094817708606876,0.024735918346399998,-0.0046638071141768935,0.004200462498624569,0.028797440271691163,-0.004886390358469818,0.01630513161628419
0.03859449790295643,-0.00577774860270908,-0.022813510137629774,-0.025784129074083895,-0.005630908399612386,-0.013839165069670673,0.007135136324452201,-0.01291605372028993,0.007802887348805666,0.011880609574983075,0.0038045282672246055,-0.0051015961793128145
-0.007376179915858444,-0.005156930524685287,0.0001012827058160335,0.030813698184908058,0.015968211844117473,-0.009072105924843721,0.009497536886911916,0.0010383241398816709,0.017114579482454772,-0.004000079020366927,-0.0027623307886436386,0.009305467219581294
0.0020238768585668673,0.0013708754558181939,0.0018887846437796597,0.0,0.0,-0.005054951425969216,0.0022468483967644872,0.003013041414071557,0.0027398542152990133,0.0,-0.006927880595669358,0.005820177069070363
0.025835629214456743,-0.0008068525357965567,-0.02048683990487017,-0.019076144835980264,-0.016426341713956766,0.008789138133859807,0.00731353528968522,-0.0016456129300051485,0.0022259609094526043,-0.0019866581095289936,-0.0009243342742758661,0.0025026546289269955
0.00032404933159989384,0.0063823514190783845,0.0018656769099973146,-0.006174660625871881,-0.0005146160511498942,0.010663430782545011,0.003093830622259075,0.011371870945772545,0.0008447391436564011,0.026070209608081835,0.021267087362486715,0.01276536416940565
-0.01859420469954237,0.005982789424469921,-0.00019715745171803914,-0.00451639550034168,0.007821035304913999,-0.0015630486865221517,-0.009540219215861965,-0.0032480235245147307,0.0,-0.007588849415257603,0.003818965978481845,-0.00349989445983639
0.0047688306935512485,0.004360310710649697,-0.0026227977056947154,0.0056570866323615125,0.008745300876264211,0.0025134005800934796,0.0035851789929601968,0.0051997552073359465,0.0018553622382613605,0.004659599838162277,0.005444206947849001,-0.0036375358925293338
0.0,-0.0010837496824038437,0.005564570800264088,0.01035250009625617,0.0017590912570670128,-0.00574695014662863,0.0018172302774332,0.0024414060339352883,0.002240695509075665,0.005332413969343016,0.0034911302037029736,0.0
0.03689111218991121,-0.014981796848472067,-0.0099995569865571,0.006231919474889518,0.001307421960311381,0.04072293144310347,0.02652564437037185,0.007053113877083701,-0.008464266571285716,0.01025243090557862,0.006405535561499702,-0.017292716838234568
-0.018455230935824893,0.0027492344827320173,0.0,0.004778419206353134,0.002839740093905316,-0.0016126862451208103,-0.005223861764780941,0.0,-0.005941395245784735,-0.004378683808923652,-0.006314490746685687,0.003966578453207152
-0.008302422997397535,0.005326339413461674,0.003438753132207937,0.007261101160730481,0.0038472832786273768,0.0,0.0,0.0,-0.0007517091748468386,0.003285048006875762,0.0011663550848850074,-0.0026165806305307043
-0.002660396512957995,0.01014130668351171,0.005922446326482575,0.01001904535276211,0.0023568245852660518,-0.004740428651175483,-0.0018420054033766746,0.0,0.0006595892185366831,0.0035118435745552495,0.006329989615006506,0.0
-0.007648538676431664,-0.0004048952604664519,-0.004836474639433758,0.010751412732543946,0.0011965537117026017,0.004726161486775086,-0.004925561060524615,-0.004988017636802671,-0.006975928989827241,-0.013295250110806312,-0.0021082239796797225,0.0023962500325111005
0.04427542909329441,-0.011300952377141347,-0.005134377250181629,-0.013421361929290174,-0.007394068044187351,0.00027512116173374995,0.0012276924605082137,0.012625188497292798,-0.009697406743625283,-0.049603875900714356,-0.004088102675756965,0.0
-0.022525401077739166,-0.02079633356704864,0.0007186889369213138,-0.014514788343364586,-0.0031672052788852267,0.008026032043921862,0.0,0.0,-0.002142966800065033,-0.03467036132305277,-2.2201486931446024e-05,-0.034845211351841696
-0.004038638828288671,0.004615968578759018,-0.005409346847173231,0.017095661904090512,-0.011035379159990295,-0.0006988953241994531,-0.002813541094038039,-0.00040696839187941104,0.009403147871232585,0.03449681315760411,-0.001400806748218383,0.0045997741515634944
0.012315290538733946,-0.0098541171115619,-0.007751996950510039,-0.004817113410466093,-0.005126162137718802,-0.00485442078027525,-0.002704490104717825,-0.001835639846686129,0.0316351343909212,0.057105351067035105,0.01764255643607048,-0.0008368108113730437
0.00809554937228663,-0.02280230287233601,-0.002706942074348292,-0.031135253878918138,-0.009105982263130905,-0.009334675338755611,-0.00784571278917485,0.0,0.0,0.0,-0.00728976315663027,0.011350537092412323
0.02630525874523176,-0.041144974914549,-0.020587628006460718,-0.022185169633787315,0.015325314442121478,-0.011031820467948594,0.0,0.0,0.0211226965772202,-0.00477420759870515,0.0,-0.006245556703602498
0.0042218071876999235,0.01617049857643572,0.02486728650336675,0.021036074884977076,0.013321559266412977,-0.012390914189619807,-0.0017420706960910633,0.007196551384487663,0.004980731451255869,0.0031458603943779555,0.009247342582272146,0.0010833021099425123
-0.012906362349064728,0.01330847211656907,0.0032797589368052118,0.005578874199860803,-0.00535477423402683,-0.002465893339723965,0.004157714617753421,-0.002179912992064558,0.0006459493269582959,0.04078158083423875,0.00420340512643376,0.005068220998819223
0.004380363611996277,0.009617757281331352,-0.0060203389028716,7.5262327096423e-05,0.0,0.0039059463340230683,0.0014812213338518652,0.010331810981457901,0.001596491371177672,0.00023493097209120888,0.0005205666314554517,-0.0028425153180786354
0.031382388401709975,-0.011588330674891944,-0.01666233886592297,-0.01222035705796326,-0.003422515751530329,-0.011411716586850168,0.00946486836961924,-0.010519197267193262,0.013765794922755733,-0.00532477890535073,-0.024335754451926556,0.009646859423237232
-0.015751308955980974,0.009542132831384342,-0.027360763281919803,0.010790997496419999,-0.006411666415529263,-0.010843628811420763,0.0010907584719983628,0.017530457593731712,-0.014094904920328754,-0.014362748825478987,-0.004984271419542506,-0.0015979992745006257
-0.024266042130225093,0.0,-0.0021708474111450608,-0.00023715105244535793,0.005705399464226782,0.002960787069084909,0.00084890800125118,0.010285102255167313,-0.014579788621220877,-0.006063023602113991,-0.0015821382365998852,-0.004147731004360765
-0.023415789324289,-0.0003004356899245636,-0.01889296082796296,0.016561489719138428,0.00794035128195588,-0.012959799739809388,0.0041940912379812975,0.005933276819855765,-0.0030893131231477917,-0.020112401194472853,-0.016673322575155154,0.0
0.01535724350849206,0.009658668076240355,-0.004306432159046885,-0.004477193620856224,-0.009729203524767359,-0.008362557516908066,0.008093497266391999,-0.03600649942777486,-0.005217425846264193,-0.03126848244566592,0.008538547473211056,-0.0033587406531745898
-0.013701338228477406,0.0,0.0,-0.00787790798250108,-0.001696071442114102,-0.004284827387590816,0.0,0.0,-0.009796276437606166,-0.027171019722201525,-0.0021998052832968083,0.0
-0.0015011317313187434,0.01325428405019564,-0.01088908601929558,0.000516417211922106,0.033087478582676216,-0.013132747279036372,0.02491761934957834,-0.015823831543182985,0.028816897843317698,0.008839418736353731,0.001536126136688388,0.008263749638605196
-0.001251128715885111,-0.023733986906770355,0.0,-0.03366213366549442,0.0,-0.006792413538921304,0.0,-0.053058644406765644,-0.0346334726294681,-0.0077428008104534025,-0.008648581689194072,-0.010867856862788993
0.037275395601016885,0.0118424926744115,0.005671519935141797,0.041886073350042734,-0.031684730519991856,0.014666095267695202,-0.007938171788170316,-0.011692063961435689,0.0018192210627975558,0.0026676163591234895,0.019489231022399654,0.007418969220542976
0.05462410368436865,-0.009275111167152088,-0.02065776118604282,-0.013834669674246519,-0.004213792055359894,0.0110266262434816,-0.0008132488973106009,0.0013751882760164706,-0.0005552079838919263,-0.0040540795260102114,-0.004997864880085239,-0.04537609203076511
0.006063373116362827,-0.008094171162855551,0.00838893038017119,0.005432159287598385,-0.007212186034202562,-0.0054130020750994545,-0.011340047495284146,0.0045797895306252095,-0.0020307981845265606,-0.015170437131492825,-0.01870927761792603,0.00847158888732725
0.006991995651714957,0.010110309238701355,0.024320268973312048,0.0012527551354324037,-0.01341124451883151,-0.011615734778071657,0.003573242728646061,0.00571344931301965,0.017031705726060636,-0.008426678372991164,0.005513299717660102,0.014767502935239952
-0.012834194645387027,-0.01724807495546456,0.014144541461811681,0.01754644637503311,-0.0005556142421986708,0.011070592730418554,-0.016726351981899742,-0.0010804432290285784,0.04038478346066668,0.03255728351266674,0.0217960544747475,-0.0052847137124265075
-0.006820496964202114,0.06457778393123752,0.0022947165065022915,0.008391382004528034,0.016619949690845195,-0.017049021542978143,0.007966119516289652,-0.009942489100862683,-0.009951752224079378,0.02271076192231515,0.017332266956501755,-0.005466379336943876
-0.0017843971266199392,0.021628260575470144,-0.0021139605440937885,-0.06327419565899019,-0.007771097973199431,-0.038513984367432204,0.012846790371143611,-0.005316051104403061,-0.02543561838849546,-0.026679708559115115,0.0,-0.0038378879491057644
-0.004900178668166711,-0.0034555482452448484,0.0,0.0,0.0,-0.01193496166444491,-0.0011322776988530391,-0.004710134957436953,-0.012654364826273265,-0.015507727532770063,-0.010356048882805903,-0.0066388190382080615
0.013477130825515951,-0.009085892172364302,0.02041920162526467,0.022925283043299032,-0.0010763178917712005,-0.00724686466294977,0.005141418926906863,-0.01715413901334268,0.012048194898457189,0.012390064631870383,0.03612075765069844,-0.010132681285730949
0.06390011418801418,-0.01833851881526835,0.009959551962118902,-0.02950234273501852,-0.010386794060215103,0.0007722068913145532,-0.047654228751609136,-0.0021133514003050954,0.004193512282438972,0.003974251413205291,-0.030632851444440518,0.0143693488915441
0.033447540017159924,0.0005818403799187107,-0.00011368757709287794,-0.022134024210914722,-0.006118972933018962,0.0003874778572121015,0.0,-0.004429135257103989,-0.02326614941053497,-0.021212795307737186,-0.016585358466459126,-0.0139252701735953
-0.007716956490665324,0.009709883307209904,0.00354276562881721,-0.007128189140427662,0.0075126416070222315,0.012211112239846585,-0.001256347856776871,0.0,0.0,0.008392894814421096,0.0,-0.0035712496280848713
-0.007706814118305379,-0.014787415823560924,-0.0029561376295289647,-0.006465715465808835,0.0,0.0017267744015866,0.0019358705158407797,0.00816080497436459,-0.002391869939459623,-0.0073176137647556,-0.007412525459267433,0.002556068104623749
-0.004410451485082638,0.000992425193626349,0.0006536479090161187,0.00654910404103961,-0.0004794221486507236,-0.0009464390985953145,-0.001648053534881607,0.0014231615336167843,0.0,-0.0014798748387995482,-0.015113335071741346,0.0015217854617022603
0.00014281442127469818,-0.00534460863444606,-0.014685707569634927,-0.015334550131156982,0.0,-0.016821556445582014,0.0,0.0,-0.001926865174970499,-0.01108537953997898,-0.0011993444908869623,0.0
-0.0074338559042476104,0.0014256927528963792,0.0030239641418865807,0.006771468905264398,0.00608407516584123,0.0,0.0012406809340592625,0.007366139696318378,0.005067103553966141,0.0011275329306043174,-7.431542804580583e-05,-0.002060486046306187
0.008062696493807678,0.0098742476364274,0.009461464514010557,0.006122428861020671,0.005502181366691118,0.0038800217839075803,0.01582084068668134,-0.015249715303969957,-0.00932287893351416,0.052088046365644236,0.0035391415160007044,-0.002351510187764957
-0.009255593373429941,0.011995239223599416,0.003418881939966737,0.008517662224544253,0.0036649011744966827,-0.00530151388528441,0.004534469453977203,0.006806685040674044,0.0026000484035538928,6.169182247923654e-05,-0.0024775135521513743,0.0
-0.013561038397117578,-0.0037233960986544023,0.0012626713997450911,0.0,0.0016781369590623417,-0.005604086560611859,0.0017358198654184372,0.0,-0.005478956895960042,0.0,-0.003435932550722727,0.0
0.014674858788514614,-0.008255310275197214,0.013070394776581786,0.0012921665449348212,-0.002509837187964091,-0.006621181970064377,0.0008693418269394411,0.004109182273625102,0.0002485361254755513,0.032102294899560485,-0.004338748812464736,-0.010878805539044521
-0.006681186986795918,0.005762721712465622,0.011119064286334364,0.025315521123022943,-0.0005654099324922342,0.0021052124824405085,0.009645993042205881,-0.014273679615013532,0.005480835045134538,0.01071050281618547,0.05768144066517924,-0.010487368362495891
-0.0017564606138030937,0.0,-7.534886260877662e-05,0.005109336073158774,0.003417517837994998,-0.005304930417637743,-0.002727520866131374,0.009700226509906084,-0.013982131015523981,-0.03312057793405033,-0.009476508911324755,0.0
0.005494200301806307,0.01824214580565216,0.00034938037913174205,0.007163060345007429,-0.0018624205781136779,-0.005847016217667428,0.004005977558456425,0.005688950706477674,0.001618192640294359,0.006058538406006647,0.0017844517783953762,-0.013994320285219611
-0.0023800674606832216,0.003181548458387607,-0.011814940767529494,0.010533542689220602,-0.005102129054124123,0.0012512554231167148,-0.005210697504737472,0.0020704388881521985,0.0,-0.003390677727627043,-0.007281337796756386,0.00810834287146746
-0.02426919024096728,0.015002792929558514,0.025390295640088063,0.009465228201229046,-0.016852074109717164,-0.006342060425944859,0.007024686077979898,-0.0073552935189545214,0.007852087124175818,0.030078384407529118,0.011571903322508376,0.040419394472649195
-0.005523320305910189,0.006207413841525802,0.0022575360492229305,0.006075294120862867,0.004861648911047101,-0.0032161335769390394,-0.0026627632251662765,0.0020818194001755953,0.0012192489978402952,-0.001789063143909991,-0.0038807113436704795,0.0006993508709954485
0.006993594136893451,-0.009605468963271321,0.006516576177760541,-0.013554841105758724,-0.00034242945189942874,0.0014572080578995304,0.009585984880268678,-0.0023271490953850455,-0.001870263617695704,0.017131350427242936,-0.006667695623244589,0.021623341797030585
-0.005469323387128813,0.012748575460171017,0.017499468590566725,-0.002365352274895626,0.008314802794503584,0.003570404041661161,-0.00478115082992116,0.017823883300653823,-0.00036593742786867586,0.04000791495788074,0.046874366891156406,-0.04632043859321743
-0.0013185897704727182,-0.001222097542566401,-0.007430694154550711,0.0018560307230706902,0.0035075968009872747,-0.009618705602263819,0.02069659654043011,-0.010553420914046116,-0.0027930930488374796,0.03455961835803669,0.04042053364810409,-0.0003127011599063142
0.0022808880582379956,0.004726532317997072,0.005100597903768763,0.016268337501241025,0.00300100170143573,0.0,-0.0031665103095680444,-0.002198712971870531,0.0,0.007223446164978699,-0.002276992978296864,0.001974237362196606
-0.007044889202469411,-0.052235381473248334,-0.019801056534303065,-0.0038865204185083643,0.0004986416907237833,-0.005304358873379156,0.0,-0.006308157108096059,-0.008189294372157785,-0.0035004172090438777,-0.014504294375633912,-0.0033951636876023345
-0.0017851043187869916,-0.0019538922528023923,-0.0010348477484616958,0.004805606455863546,0.0,0.004822833155362764,-0.004492845398557534,0.003040665483447049,-0.003353231790090992,0.0,0.004507234484595882,0.0
0.052687898941030716,-0.013076143486176887,-0.007507458132474241,-0.0021026620904043974,0.0,-0.011125827806988097,0.0,-0.026586104583035272,0.007489455394480746,-0.0012429147971137807,-0.016513756936096864,-0.005032002196633148
-0.010184935578933768,0.003788561025723697,0.00195967426496143,0.0034131763662938117,0.0,0.0,0.0,0.00010628645655194332,0.0,0.0013543805285489284,0.005349045157911218,-0.0033126035498629055
-0.02111317134152302,0.00861058248402769,-0.0006805177771192877,0.0,-0.0011549404567346953,-0.0018037332020768907,0.0015090538532127726,0.0033461061725464877,0.0,-0.005246684259468791,-0.0025257875921414516,0.011727571163888449
-0.007229880386406807,0.0,0.0,-0.021228773640652353,-0.012076983324603862,-0.012807507161103392,-0.01216046187889117,0.0,-0.010915207808588746,-0.009174147285239366,-0.031532383844580215,-0.0066603249112751105
-0.0019162329152448846,-0.005179433768388811,0.0,0.007832772332638386,0.021520636471307406,-0.0021868502415481627,-0.015984489894904433,-0.001398456707291054,0.001918797248627602,-0.004188570370456713,0.059791967485946985,-0.005598005383354836
-0.03145967573311317,0.002724511157277518,0.0018483219006051506,-8.84182451176355e-05,-0.010354616297337303,-0.00874444284030955,-0.0063244841165444425,0.0033885237126619725,0.0015701299801879022,-0.012379377764410629,-0.013525571952192382,0.006803422841905368
0.008475018729744465,-0.004404613927397781,0.0157170574768633,0.0013602345068640602,0.03814086107539279,0.015164474843521597,-0.007207939555819752,0.012874582370923976,0.007142043717292934,0.02177700942778378,0.036826236838119274,-0.06728259983211592
-0.006242375489406184,-0.003333884621657046,0.0034071980411044273,0.008388463227747318,0.0017954298191094318,0.00742409026709765,-0.005816058131136411,0.004284829150736612,-0.0207967817935283,-0.017864886113058774,-0.023427385791405464,0.0033667511511957793
-0.011925700533294717,0.02354193470648938,0.004596591441065753,0.016815071134051358,-0.0015177935519596324,0.0070989730987839166,0.007583584969263383,0.006140129646597961,-0.002272311716314797,-0.0020562736533237167,-0.0045187327668819,0.00023591437280557603
-0.016646449992900395,0.005614204720665597,0.0037232949107497628,0.012955294432538296,-0.03934982533877803,0.0027212265030638646,-0.003177463566777215,0.00403923634099241,0.009635620335562837,-0.03342849657821202,-0.012065817361391317,0.0018358252310875986
-0.011346663747449992,-0.017929300826300686,-0.0015714884525973463,0.0,-0.0044943247459600455,0.0,-0.011799342519298537,-0.0019673733161753113,-0.0015733697706213497,-0.002473277064998138,-0.008409236149855613,0.0
-8.89280960442806e-05,-0.0022477925003310402,-0.005333277116656216,-0.017168120903616246,0.0030874947770631214,-0.005289755766829485,-0.011302417770462725,0.006412646533659138,-0.0006827283841247164,-0.005506363376767094,-0.040687088296640105,-0.012006039916737807
0.07925566263399329,0.0027469402004173574,-0.0024833396838883923,-0.03734930602428905,-0.008724203792981776,-0.016278256597749133,-0.01313993532373194,-0.005980816297224815,-0.03506967132123562,-0.017717335650303628,-0.012263748860701274,0.0
-0.011725753430491705,0.004147268957729697,-0.005940606948886761,-0.003597541173213141,-0.002468238333554489,-0.012273294141012013,-0.009213564882539072,0.0,0.0013874666937121118,0.0014614915612377402,-0.00676000879399621,0.0021827904721841355
0.0020346150003027245,0.004058233151406737,-0.03558163253689964,-0.026885061099545984,-0.00960002387187135,-0.01572489652782203,0.004069636988667212,0.00010731903041645563,0.04650380158064676,-0.06683606759706422,-0.011489269917250142,-0.013249774577876459
-0.006399788315900712,-0.015261744453919576,-0.006156002037142121,-0.006040066978456618,0.0062835109782038955,0.004315918536143984,-0.007899827600170847,-0.014886559843520136,0.02273071881173588,-0.024788676589116893,-0.011800346142244534,0.006788453749949761
-0.0076856980949271915,0.0,-0.004424596375046184,0.0028962585261818954,-0.017434486105221036,0.00533337068165209,0.00020145619797341807,0.004017770345870522,-0.012762519337829443,-0.044693030882079605,0.0,0.010138676916266055
0.018881399674207974,0.01960663065722955,0.031091970590283943,-0.0153085602240315,-0.004243580038684527,-0.0116746278689133,0.008601303044928876,-0.010617192789662425,0.01955877082998778,0.022176566712625193,0.02051318040433905,-0.009768230423791366
-0.019062752419348,-0.008468928773387233,-0.004337799160630971,-0.005332115333198307,-0.03442517491155834,-0.007297702984201068,0.0,-0.022035042331412374,-0.008120034032571926,-0.029469599225563182,-0.0012265371434291676,-0.0074440864612882384
-0.03106759357347426,-0.007415355668168692,0.007431868453149248,0.0032392123519109778,0.006376290656439964,-0.010556033745457714,0.0017282696372602708,0.007198782694612062,0.00042089059563933407,-0.0066633635854130326,-0.003963389452982763,0.007056794933237174
0.0009035310602280745,0.022970767946664247,0.020420690850334215,0.007087147934390861,0.0011492182706399387,-0.009033835871972524,0.019013571659203702,-0.011151272872305102,-0.0015655302692356465,0.007840296830566057,0.014598320147701413,-0.017377773226241944
-0.015119627827359315,0.009610386961743071,0.0024052398173269166,0.005707010206283797,-0.0006183864015590971,-0.0013828149210726264,-0.0013062382051019748,-0.002660341492770496,-0.011252765228789353,0.0012677745358025245,0.0002806482509016134,0.001037027017660685
-0.015017440979918114,-0.006157255192227258,0.00021832246624125333,0.00613664738333448,0.003591834799098389,-0.0031091733095900942,-0.0014402507693506035,0.0034701800535552212,-0.00706478147604333,-0.017510430000935343,-0.004805013579430819,0.007331950525484014
0.004473244910463463,0.043702198085521275,-0.018659557150646735,0.005846272598925129,0.005170442659687955,0.01173894255568205,0.0036679378429731063,-0.00681963993979548,-0.0043007150801904264,0.013949978421134338,0.003414965245076416,0.004749347528427385
